description,name,lat,long
"Via EUGENIO L'EMIRO, 34/36",VERGA SRL,45.75803406,8.376775811
"Via Porta Palermo,61",Gattuso Renato,37.57788911,13.40528909
"Via Cesare Battisti, 21",Farmacia Imbornone Francesco Dei Dottori Aurelio E Lilla Imbornone S.n.c.,37.63052936,13.69455864
"Via Vittorio Emanuele, 170",Brancato Calogero,37.256939,13.918198
"Salita Convento, 42",Contissa Maria Rosa,37.49545522,13.42146646
"Corso Roma, 3",Gagliano Giuseppina & C.snc,37.15445221,13.91888255
"Corso Umberto, 3",Fregapane Giuseppina,37.101742,13.937628
"Corso Vittorio Emanuele, 44",Platamone Della Dr.ssa Mallia Ornella Anna Maria,37.15445221,13.91888255
"Via Vittorio Emanuele, 29",San Caloiru Picciulu Sas Di D'Anna Assunta,37.2947224,13.7949651
"Via Piave, 182",Principato Salvatore Del Dott. Emiliano Cirami,37.28936047,13.82142015
"Via Roma, 86",Terrana Mario,37.31044113,13.50704362
"Via Garibaldi, 246",Antogna Snc Di Antogna Concetta E Antogna Sciascia Teresa,37.40309238,13.75053715
"Corso Umberto I, 89",Miceli Antonino,37.65551145,13.11391199
"Via Liberta', 91",Serra Dott. Giuseppe,37.6912922,13.02560312
"Via G. Licata, 143",Tagliavia Francesco,37.54354442,13.10280935
"Via Via Roma, 180",FARMACIA SCIORTINO S.R.L.,37.36022863,13.3872871
"Via Vittorio Emanuele, 103",Cascioferro Di Bruccoleri Gaetano,37.56518347,13.28079579
"Via Regione Siciliana, 1",Russo Angelo,37.32219769,13.56610079
"Via Via Giovanni Battista Peruzzo, 11",FARMACIA VALLE DEI TEMPLI SRL UNI,37.26457367,13.58034043
"Via Fosse Ardeatine, 3",Farmacia Moribondo snc,37.296695,13.55049056
"Via Palma, 7",Licata Snc Del Dottor Licata Alfonso & C.,37.15445221,13.91888255
"Via Milano, 30",Guaia Sas Di Rosa Daniela Guaia,37.29105164,13.5249106
"Via Capitano A. Callea, 72",Maratta Snc Di Maratta Salvatore E Maratta Pier Luigi,37.319587,13.6615389
"Via Guglielmo Marconi, 56",Scaduto Maurizio & C. Snc,37.36022863,13.3872871
"Via GIUSEPPE LICATA, 247",FARMACIA VIA LICATA SRLS UNIPERSONALE,37.54354442,13.10280935
Piazza Primavera Fontanelle,Bajo Ettore,37.3312586,13.5912159
"Via Principe Di Napoli, 62",Attardo Maria,37.407941,13.642959
"Largo S.giuseppe, 4",Amorelli Dott. Pietro,37.5405168,13.6410714
"Viale della Vittoria, 118",Farmacia Sciortino srl,37.38871292,13.35215233
"Corso Roma, 98/98a",Gagliano Gaetano E C. Snc,37.104322,13.9359224
"Via Cesare Battisti, 6",Ragusa Federica,37.51825785,13.3227302
"Via Ugo La Malfa, 46/n (Pal. Sciara)",Sammartino Raimondo,37.3110897,13.5765475
"Via Vittorio Emanuele, 84",Amato Lilly,37.31834487,13.67252476
"Via Cappuccini, 58",Pace G. Di Maurizio Pace,37.54354442,13.10280935
"Via Roma, 24",Arnone Franca,37.4441251,13.95751097
"Corso Umberto I, 181/183",Centrale-centralfarma Di Drago Calogero E Cosentino Gaetano Snc,37.4891759,14.0631952
"Via Roma, 80",Di Benedetto Snc Di Di Benedetto Giuseppina E Valeria,37.5898663,14.0323146
"Corso Vittorio Emanuele, 150",Del Corso Del Dr. Iraci Capuccinello Barbara,37.4441251,13.95751097
"Corso Umberto, 30",Pittari Calogero,37.35320763,13.91936133
"Via Edmondo De Amicis, 61",Bonasera Vincenzo,37.4959694,14.052058
"Viale Don Bosco, 18",DOTT. VERSO FARMACIE della Dr.ssa Viviana Verso & C. S.n.c.,37.2798772,14.0840586
"Via Matteotti, 20",Celestri Della Dr.ssa Rosalia Taranto & C. Snc,37.19182523,14.12923834
"Piazza Europa, 26",Morreale Rosa Maria,37.45365744,13.82378289
"Corso Umberto, 5",La Mattina Ignazia,37.48827047,13.70102274
"Corso Salvatore Aldisio, 310",Amato Antonino,37.0699581,14.2427681
"Via Orfanotrofio, 21",Farmacia Catania  Dott. Piero,37.55613905,13.81682752
"Via Filippo Paladini, 69",Al Duomo Snc Di Cutrera Domenico & Giamporcaro Mariella Fabiola,37.4441251,13.95751097
"Piazza S. Giuseppe, 10",Eredi Lanzarotta Franca,37.26790558,14.24314107
"Via A. Sciascia, 4 (Vill. S. Barbara)",Pasqualino Della Dr.ssa Fine Alessandra & C. Snc,37.4441251,13.95751097
"Viale Mario Gori, 321",Buscemi Rosa,37.146319,14.394891
"Via Roma, 43",Volpe M. Concetta,37.26790558,14.24314107
"Via Castelnuovo, 83",Cucchiara Calogera,37.68062464,14.05073313
"Via Cascino, 1/b",Aliotta Anna Maria,37.0699581,14.2427681
"Via Vittorio Veneto, 172",DOTT. VERSO FARMACIE della Dr.ssa Viviana Verso & C. S.n.c.,37.2936315,14.08962796
"Via Cesare Battisti, 14",Dispensario Farmaceutico Dr. Cipolla Valter,37.571744,13.701558
"Via Giacomo Leopardi, 25/27",Salus Della Dott.ssa Conti Elena Maria & C.,37.6905726,15.11042574
"Corso Vittorio Emanuele, 24/26",Sanna F. & C. Snc,37.63441983,15.16067303
"Via Vittorio Emanuele, 160",Galluzzo Giacoma di Cuscani Claudia,37.56706098,14.89962227
"Via Carrera, 2",Alessi E Palacino S.n.c.,37.27402837,14.79293298
"Via Della Concordia, 211",Della Concordia Della Dr.ssa Santangeli Clara,37.4939027,15.0771857
"Via Carlo Felice Gambino, 52",Del Corso Del Dott. Lo Menzo Francesco,37.50703086,15.08796849
"Via Umberto, 9",Eredi Dott. De Geronimo Carmelo,37.55386175,15.08132036
"Via Plaia, 97",Zinno,37.49071759,15.08473421
"Via Statuto, 255",Tropea Migliore Della Dott.ssa Gabriella Tropea & C. Snc,37.298047,14.840785
"Via Vittorio Emanuele, 234",Lavore Della Dott.ssa D'Angelo Giuseppa Agata,37.56706098,14.89962227
"Via Duca Degli Abruzzi, 215",Del Transito,37.87869772,14.94500526
"Piazza S. Agostino, 8",Giada E Giorgia Bua Snc,37.66350537,14.83461032
"Viale Guglielmo Marconi, 3/5",Farmacia Del Centro Del Dott. Maccarrone Davide Ezio Srl,37.55482101,15.062748
"Via Cesare Beccaria, 79",Crocebianca Del Dr. Pantano & Figli Snc,37.5158113,15.078149
"Via Roma, 311",Russo Venera Daniela,37.69073713,15.10565862
"Viale Mario Rapisardi, 320",Bellomo G. & S.  Snc,37.56234256,15.07200301
"Via Etnea, 400",Farmacia Cerciello Del Dott. Cerciello Fabrizio,37.61329663,15.02667227
"Via Dei Platani, 99",Cantarerodei D.ri Cantarero Lorenzo E Paola & C. Snc,37.60568222,15.15302614
Villaggio Sant'Agata Zona B1,Baglio M. Luisa,37.44220831,15.03582932
"Via VITALIANO BRANCATI, 55",FARMACIA PITTARI SRL,37.5263289,15.08771923
"Via Vittorio Emanuele, 196",Frazzetto Maria Stella,37.22552943,14.61234334
"Via Etnea, 11",Nicosia Rosa,37.73513713,15.10294015
"Via UMBERTO, 54",FARMACIA  CANIGLIA S.R.L.,37.78860984,15.20698513
"Via Francesco Crispi, 195",Battiati Marilena,37.50665099,15.09501746
"Piazza BONADIES, 20",CIBALI DR. SAPUPPO SEBASTIANO,37.51821112,15.06884651
"Viale Mario Rapisarda, 349",Panebianco Giustina,37.44220831,15.03582932
"Corso Italia, 270",Aquileia Longo Giuseppe Snc,37.62380835,15.07920155
"Viale felice fontana, 1",Vittoria della Dott.ssa Bice Cicirata,37.5125344,15.0384748
"Via Sebastiano Catania, 198",Marino Sergio,37.51864259,15.05994491
"Stradale San Giorgio, 113",Parlato Ivo,37.49517375,15.0591812
"Via Via Umberto, 63",Musumeci,37.55230844,15.0034093
"Via Arcoleo, 91",Eredi Dott. Vittorio Traversa,37.230293,14.52335
"Via Callipoli, 240",Rapisarda Dei D.ri Maria Antonio E Carmelo Rapisarda Snc,37.7263946,15.18436
"Via San D. Savio, 25",San Paolo Snc,37.55482101,15.062748
"Via Giuseppe Garibaldi, 24",Antica Farmacia,37.87589709,14.94407962
"Via Giuseppe Garibaldi, 380",Condorelli Antonino Fausto,37.47575611,14.97389962
"Via Vittorio Emanuele, 16",Ferma Giovanni,37.16167407,14.75145203
"Via Umberto, 125",Lucina Della Dott.ssa Scrofani Stefania,37.82532156,14.86691909
"Via Petrarca, 11",Fresta Giuliana,37.53277515,14.85595885
"Via Passo Gravina, 127",La Cittadella,37.52164115,15.08217405
"Via Giuseppe Mazzini, 7",Aiello Alfio,37.49371948,14.53394414
"Via Luigi Sturzo, 34",Mazza Antonino,37.238888,14.513193
"Via Siculo  Orientale, 210",Grasso Elvira,37.757841,15.196655
"Via Via Antonio Gramsci, N. 71",FARMACIA  SANT'ANTONIO S.R.L.,37.5651402,15.06425402
"Via Giovanni Verga, 47",Impellizzeri Sebastiano,37.61473634,15.16126946
"Via Vittorio Emanuele, 146",Vanella Marco,37.2136927,14.6374849
"Piazza San Domenico, 31",Chines,37.50779581,15.08336814
"Via San Filippo, 180",Murabito,37.66530321,14.83306038
"Via San Gaetano Alle Grotte, 40",Giuffrida Michele,37.44220831,15.03582932
"Via Umberto, 271",Rizzo Vincenzo,37.8270065,14.8670241
"Via Pidatella, 132",Molina Snc,37.5257024,15.1007613
"Viale Mario Rapisardi, 229",Zappala',37.56234256,15.07200301
"Via Umberto, 41",Ragusa Vincenzo,37.27402837,14.79293298
"Piazza Umberto I, 8",Famacia Ballaro' Srl,37.29119895,14.36552639
"Via Umberto, 254",Guarnaccia C. & C. Snc,37.82532156,14.86691909
"Via Etnea, 79",Motta D. & G. Snc,37.61329663,15.02667227
"Piazza Umberto I, 7",FARMACIA CARDIEL S.R.L.,37.236952,14.513075
"Piazza Nettuno, 34",Lo Castro G. & A. Snc,37.52438576,15.11551217
"Via Plebiscito, 329",Farmacia San Cristoforo Dr.ssa Tedesco Patrizia,37.50183933,15.08000976
"Via Roma, 6",Saporito R. & A. Snc,37.2811155,14.4280042
"Via Etnea, 212",Pappalardo Claudio,37.57285481,15.05261918
"Stradale GELSO BIANCO, 54/A",Farmacia Nicolosi G. & F. snc,37.4742097,15.0492567
"Via Marconi, 50",Luppino Giuseppe,37.85593359,15.08380678
"Viale Della Liberta', 57",Lodi Roberta,37.6054632,15.1667921
"Via Galermo, 288/d",Sicilia,37.44220831,15.03582932
"Via Giuseppe Garibaldi, 230",Scalia P. & C. Snc,37.5007219,15.0790551
"Via Galermo, 270",Zerbo Maria,37.54345668,15.05393173
"Via Vittorio Emanuele, 291",Rapisarda Biagino,37.61378635,14.89472103
"Via N. Coviello, 23",Brancato Arturo,37.5184585,15.0899967
"Piazza Marconi, 4",Leonardi Snc,37.61624501,15.07920702
"Via Roma, 155",Lauria Lucia M. Rita,37.18104449,14.77520081
"Piazza Indipendenza, 17",Distefano  Snc,37.53277515,14.85595885
"Via Vittorio Emanuele, 111",Farmacia Gurrisi - La Rosa,37.16167407,14.75145203
"Via Provinciale, 118/a",Patane' Arcangelo,37.561202,15.1603709
"Via Vittorio Emanuele, 184",Bellassai Giovanni,37.68481755,15.133073
"Via Duca Degli Abruzzi, 95",Italia  Sas,37.87869772,14.94500526
"Via Messina, 447/e",Li Volsi P. & S. Snc,37.44220831,15.03582932
"Piazza Santa Maria Di Gesu', 4",Merlo G. Figli Snc,37.5115032,15.0791168
"Via Giuseppe Garibaldi, 328",Plebiscito Snc,37.5002024,15.0763926
"Via Vitt. Emanuele, 144",Buttafuoco Campagna,37.6021502,14.54684898
"Via Crisa, 309",Farmacia Pesco Del Dott. Ernesto Pesco & C. Snc,37.6290153,14.4240061
"Via Conte Ruggero, 5",Fontanazza,37.5900155,14.272728
"Via Umberto, 109",Greco Snc,37.60381843,14.75627043
"Corso Roma, 43",Occhipinti Antonio,37.810654,14.507273
"Corso Umberto, 24",Eredi Pistone,37.64475594,14.36552629
"Corso Umberto, 238",Runfola Giuseppe,37.64475594,14.36552629
"Piazza Garibaldi, 32",Eremita Laura,37.7477137,14.3979388
Via A. Manzoni,Giusto Lucrezia,37.48584659,14.32473163
"Via Guglielmo Marconi, 31-35",L'Antica Farmacia Del Dott. Bonfante Massimo,37.48584659,14.32473163
"Via Santa Croce, 12",Farmacia Santa Croce Della D.ssa Cannata Maria Rosa,37.419945,14.137069
"Via G.f. Ingrassia, 77",Terranova Paolo,37.6496329,14.6412006
"Piazza Lanza, 2",Consolo Giovanni,37.50976429,14.39094012
"Piazza Vittorio Emanuele, 1",Genco Dei Dott. Genco Concettina E Calogero Massimiliano Snc,37.5865925,14.1733016
"Piazza Piazza Gen. Cascino, 15",FARMACIA DEL CENTRO DEL DOTT. SAMMARCO GIUSEPPE E C. S.N.C.,37.48584659,14.32473163
"Via Claudiano, 2",Persico Giovanni,37.48584659,14.32473163
"Via Via Bachelet, 59",S. Giorgio Sas,37.5772082,14.45117757
"Via Salvatore Di Pietro, 23",Ruggieri Sebastiano,38.00262921,15.1800139
"Viale Delle Libertà, 11",Cattafi Gaspare,38.1058791,15.1240206
"Via Farinata, 9",Germana' Di Di Giorgio Giuseppina,38.0722562,14.6983064
Via Padre Bernardino,Ioppolo Sas & C.,38.02764704,14.88464321
"Via Libera Russia, 1",Martinez & C. Snc,38.094731,14.977882
Piazza S. Antonio,Quattrocchi Lucia,37.86636445,15.25951547
"Via Roma, 32b",Tambato Antonio,38.18752241,15.30509898
"Via Pineta, 4",Toscano Giovanna,37.953262,15.340089
"Via Piano Baele, 5/6",Antica Farmacia Alioto SRL,38.20467002,15.24318481
"Via Xxiv Maggio, 91 Is. 259",Ammendolia Dr. Ruggeri Lucia E Marco & C. Snc,38.1940297,15.554114
"Viale Regina Margherita, 107",Brancato Romanini D.ssa Luisa Brancato,37.99512715,15.41448645
Via Garibaldi Is. 451 N° 373,Brancato Della D.ssa Brancato C.la & C.sas,38.2027729,15.5576981
"Via Roma, 163",Bucalo & C. Sas,38.13272456,15.2274408
Via 27 Settembre,Collica Dr. Saverio Snc Di Collica Dr. Domenico Dr. Vincenzo,38.14029282,14.74074098
"Piazza Dante, 1",Collova',38.12151599,14.773974
"Via Giuseppe Garibaldi, 513",De Francesco Sebastiano,38.14479485,15.21137004
"Via Liberta', 126",Ferraro Eugenio,37.90318433,14.36815817
"Via Direzione D'Artiglieria, 1",Latteri Francesco,38.1940297,15.554114
"Via Giuseppe Garibaldi, 65",FARMACIA DELLO STRETTO S.R.L.,38.12130871,15.05697932
"Via Vitt. Emanuele, 60",Mangano Del Dr. Francesco Mangano & C. S.a.s,37.9913317,14.36866509
"Viale Della Liberta', 518-519",Papisca Claudio,38.1940297,15.554114
"Piazza Duomo, 9",Ragusa & C. Snc,37.85838076,15.27729402
"Via Monsignore D'Arrigo, 15",Madonna Della Salute Sas Di Ignazion Consiglio E C.,38.1940297,15.554114
"Viale Gazzi, 37/a",Zingales Giuseppe,38.16839839,15.5425145
"Via Nuova, 21",Trovato Di Manuela Trovato & C. Snc,38.2651115,15.64092732
"Piazza San Nicolo', 6",Eredi Nicolacopulu Dr.ssa Alessandra Saglimbeni & C. Snc,38.15216965,15.50623005
"Via Calderà, 61",Zangla Marcello,38.13272456,15.2274408
"Via Nazionale, 66",Mangano Carlotta,38.10333387,15.50723587
"Via Pola, 37 B- Fraz. San Giorgio",La Pinta Maria Stella,38.15770663,14.9202854
"Via Nazionale,137",Chiofalo Giuseppe,38.10406048,15.06713895
"Via Gesù E Maria, 19 - 21",Comunale,38.05826,14.778475
"Via Nazionale, 57/a",Farmacia Di Valdina Della D.ssa Danze' Adele,38.2262792,15.395357
"Via Umberto, 221   223",FARMACIA MIRANTI S.R.L.,38.15770663,14.9202854
"Via Messina,49/9",Di Giuseppe Lina,38.024661,15.012681
"Via Umberto I, 309",Zahami Arena & C. Snc,37.9924427,15.4114155
"Via S. Onofrio, 75",Pino Pina Sara,37.98240206,15.278431
"Via M. Garufi, 32",Bruno Concetta,37.878273,15.305452
"Via Risorgimento, 188",Garufi Tommasa,37.972965,15.380958
"Via Liberta', 48",Cucinotta Orazio,38.5566649,14.82655633
"Rione Aldisio - Via Scipione Errico, 103",Fiandaca,38.1940297,15.554114
"Via Provinciale, 1",Ilacqua Antonella Maria,38.17797215,15.38022616
"Viale San Martino, 183 Is. 124",Pinnizzotto & C. Snc Messina,38.1940297,15.554114
"Santa Margherita - Piazza Chiesa, 13",Scoglio Letteria,38.1940297,15.554114
"Via Cavour, 2",FARMACIA MIRANTI LUISA &amp; C. S.A.S.,37.88286531,14.29543306
"Via G. Martino, 19",FARMACIA GENOVESE DI SCHIRO' BETTY & C. S.A.S.,38.13272456,15.2274408
Piazza Principe Umberto I,Ristagno Graziella,38.1940297,15.554114
"Via Longano, 1",Venuto Angela,38.13272456,15.2274408
"Via San Francesco Di Paola,39",Maiorana Stefano Mauro,38.13272456,15.2274408
"Via Nazionale, 330",Farmacia Macchia S.a.s. Di R. Badessa E C.,38.2303886,15.4084625
"Ponte Zaera, 8 Ang. Viale Europa",Pirri,38.1940297,15.554114
"Via Nazionale, 163  Resid.sud 80 - Ctr.runci",Tambato Giuseppina,38.10333387,15.50723587
"Largo S. Pantaleone, 16",Lanza Maria E.n.,38.022471,14.701457
"Via Mazzullo, 110",Mastroeni Di Maria Eugenia Salvo & C. Sas,38.01210136,15.32667603
"Via Roma, 14",FARMACIA DEI DOTTORI LOMBARDO SERGIO E NASTASI ANGELA S.N.C.,38.1733162,15.3268126
"Corso Calatafini, 210",Barone Maria Vita,38.13022074,13.33094987
"Piazza Della Chiesa S.a. Dei Liguori, 31",Farmacia Borsellino Dr. Riccardo Listro,38.13022074,13.33094987
"Via Giuseppe Pitrè, 118/d",Consiglio Dino,38.1104391,13.3282173
"Via Emerico Amari, 2",Li Calzi Giuseppe,38.12508965,13.35757542
"Viale Michelangelo, 1938",Maniscalco Adele,38.13555785,13.31607233
"Corso Calatafimi, 464",Eredi Di Elena D.ssa Verga Sdf,38.10305774,13.33033886
"Via Maqueda, 13",Teresi Maria,38.11842052,13.35968901
"Piazza Mazzini, 8",Cicero Antonietta,37.91477662,14.00688729
"Via Vittorio Emanuele, 85",Eredi Cirrito Francesco,37.79253029,13.91358552
"Viaettore Maiorana, 27",Tortorici Ivan,37.98842301,13.61226055
"Via Cavour, 80",Licari Giuseppe,37.79342105,13.56899256
"Via Vittorio Emanuele, 54",Morreale Tiziana,37.95990094,13.7408497
"Corso Umberto, 57",Pisciotta Leda Snc,37.9741307,13.97862067
"Via Umberto I, 172",Micciche' Giuseppe,37.97117925,13.17763964
"Via Della Liberta`, 17/a",Angilella Salvatore E Dario Snc,38.12759269,13.35372167
"Via Madonna del Ponte, 13",FARMACIA M. SS. DEL PONTE SRL,38.051425,13.007855
"Corso Vittorio Emanuele, 236",Ganguzza Lorenzo,38.07779412,13.4426706
"Corso Butera, 32",Aiello Teresa,38.08454883,13.50601688
"Via Dante, 59",Siagura Luigi,38.12285979,13.34701925
"Piazza Castelreale, 1",Ruffino Giovanni,37.9143735,13.7622167
"Via Cavour, 96",Antica Farmacia Cavour,38.08617602,13.53755206
"Corso Calatafimi, 415",Polizzi Rosalia,38.10305774,13.33033886
"Via Iv Aprile, 173",Taravella Cruciano,38.01763855,13.43801085
"Via Archimede, 182",Menni Giovanni,38.08017221,13.28856818
"Strada Statale 120, Km 65,600",La Cara Giuseppe,37.78365003,14.12517061
"Via Palmerino, 18/h",Guccione Matteo,38.09679876,13.33080971
"Corso Tukory, 190",Genovese Diego,38.10801535,13.35639875
"Piazza Umberto I, 23",Panzeca Emanuela,37.9865328,13.6950116
"Via Vito Cesare Piazza, 19",Barone Mario,38.13022074,13.33094987
"Corso Vittorio Emanuele, 516",D'Anna Fabio,38.07779412,13.4426706
"Via Bartolomeo Berrettaro, 22/24",Farmacia Cali' Maria Gabriella,38.11842052,13.35968901
"Via Messina Marine, 795",Di Figlia Laura,38.09617774,13.42503112
"Corso P. Novelli, 71",Pedone Giuseppa & C. Snc,38.0810713,13.2894297
"Via Aloi, 3c",Tripi Del Dr. Francesco Miraglia,38.08016691,13.35410226
"Corso Umberto, 73",Di Marco Pietro,37.9254289,13.5377102
"Via Strang, 4",La Marca Vincenza,37.89396817,13.82317541
"Corso Dei Mille, 179",Provenzani Carlo,38.10773708,13.37188681
"Via Liberta`, 156",Di Pietro Maria,38.0197753,14.164229
"Via Guglielmo Marconi, 51",Raccuglia Giuseppe,38.14202624,13.2398964
"Corso Roma, 99",Farmacia Del Corso Di Scrozzo Amalia,38.0470372,13.1420902
"Via Ponte Di Mare, 77",Sant'Erasmo,38.11175745,13.37836688
"Corso Filangeri, 136",Ciancio Silva,38.08362729,13.52969535
Via Xxiv Maggio,Giaccone Benedetto,37.73003989,13.21680196
"Via Gustavo Roccella, 49",Farmacia Roccella Snc Di Anna Maria Marascia E C.,38.0968251,13.34902266
"Via Volturno, 83",Lauricella Giuseppina,38.11973734,13.35481844
"Via Vito La Mantia, 101",Roxas Giovanbattista,38.13022074,13.33094987
"Via Catania, 19",Blesi Margherita,37.67641798,14.12206423
"Via Via Cruillas, 3/C",Cipolla Roberto,38.14401724,13.31823079
"Via Roma, 207",Di Naro Sante,38.1313676,13.18377036
"Via Isidoro La Lumia, 2",Ciancio Sonia,38.1260768,13.3580636
"Via Poste, 16",Riccobene Rosaria,37.70251464,14.1204042
"Via BRUNETTO LATINI, 14",FARMACIA SPARTI DOTT. FABIO,38.12306419,13.35005502
"Via Castellana, 154",Vita Margherita & C. Snc,38.12570372,13.30181672
"Via M. Toselli, 83",Indelicato Ilario,38.13698,13.3520197
"Via Chiesa, 79",Di Salvo Giovanna & C. Snc,38.06201305,13.51789217
"Via Roma, 13",Battaglia Dott. Anna,38.00010842,14.02433022
"Via Giovanni Falcone E Paolo Borsellino, 82",Martorana Maria Francesca,37.94696877,13.41767325
"Corso Roma, 49",Amato Angela,38.04223752,13.15642078
"Via D`ossuna, 177",Triolo Livia & C. Snc,38.11550471,13.35040495
"Via Vittorio Emanuele, 4",Ditta Dario,37.92511241,13.178106
"Via Roma, 2",Di Giorgio Di Arcuri Marisa & A. Snc,37.67120728,13.29398245
"Piazza V. Veneto, 11",Figuccia Clara,38.13022074,13.33094987
"Via Alcide De Gasperi, 221",Tiberio V. & M.t. Snc,38.15075362,13.33697715
"Via Imera, 1/b",Cucchiara Carlo Alberto,38.11528576,13.34951932
"Via Gino Zappa, 144",Tulone Libero E C. Snc,38.17832093,13.31231513
"Viale Delle Alpi, 85/a",Viola Valeria,38.07680789,13.43784568
"Largo Edoardo Alfano, 3",Timoneri Luigi Snc,38.1282808,13.3585952
"Piazza Duomo, 19",Guzzetta Maria Gabriella,38.13143354,13.18135028
"Via Galileo Galilei, 123",Sanfilippo Snc,38.13176369,13.33419643
"Via San Martino, 98",Rizzo Daniela,37.79949612,13.31669517
"Viale Europa, 151/c",Europa Snc Dei Dr.i Liotta Alessandra E Scardina Pietro Massimiliano,38.07668761,13.44215646
"Via Via Maqueda, 189",FARMACIA FERRARA SNC,38.11842052,13.35968901
"Via Ss. Salvatore, 19",Franco Maria Giuseppina,37.85228879,14.17253559
"Via Dante, 15/a",Tedesco Pietro,38.12285979,13.34701925
"Viale Strasburgo, 306",Zasa Snc,38.16373565,13.3196278
"Via Cavour, 79",Valerio Caterina,38.08617602,13.53755206
"Via Manzoni, 74",Fatta Della Dr.ssa Luisa Cirrito,37.822085,13.890256
"Corso Calatafimi, 71",Orecchio Maria Teresa,38.10305774,13.33033886
"Via Simone Cuccia, 13/15",Giardina Anna,38.14005048,13.34387603
"Piazza Falcone Borsellino Magistrati, 1",Farmacia Lo Nigro Sas Di Lo Nigro Dorotea Maria Lucia,38.03338035,13.31945695
"Via Xxvii Maggio, 32",Simonetti Antonio,38.09637162,13.40416224
"Via Roma, 6",Glorioso Alessandra,38.08112495,13.2893929
"Via SERRADIFALCO, 133/A",SCIASCIA MARCO,38.1313676,13.18377036
"Via San Giuseppe, 127",Gentile Gioacchino,38.0415037,13.5476031
"Corso Dei Mille, 665",D'Angelo Snc,38.10773708,13.37188681
"Corso Ruggero, 144",Cirincione Snc,38.03858354,14.02202032
"Piazza San Francesco, 10",Gristina Snc,37.7221352,13.42825
"Via Aspromonte, 95/97",Farmacia Linfa S.r.l.,38.14108891,13.33192187
"Corso P. Agliata, 156",Abbate Sas,37.8074591,14.0928074
"Viale Strasburgo, 202",Strasburgo Snc,38.16373565,13.3196278
"Via Schiuti, 77/h",San Michele Snc Di Pipi E. E D'Alessandro D.,38.13022074,13.33094987
"Via Roma, 13",Santa Cristina Snc,37.984428,13.3292162
"Piazza Castelnuovo, 21",Del Centro Snc Dr.sse Colluva' A.m. E Lombardo B.m.,38.12451033,13.35525124
"Via Mariano Stabile, 177",Inglese Sas,38.12315367,13.35830491
"Via Dell'Ermellino, 28",Ruggeri Snc Delle Dr.sse Letizia E Maria Teresa Ruggeri,38.08680374,13.36308032
"Corso Baldassare Scaduto, 135",Farmacia Scaduto Di Scaduto Nunzio S.a.s.,38.07619955,13.49707364
"Piazza A. Cataldo, 10",Romano Urania Maria,38.171383,13.239295
"Via Maqueda, 49",Tortorici Snc,38.11842052,13.35968901
"Via Roma, 1",Della Stazione Centrale Snc,38.1313676,13.18377036
"Via F.g. Vitale, 91",Brucato Di Brucato Maria & C. Snc,37.7966504,14.2059064
"Via Vittorio Alfieri, 11",Di Stefano Grazia,35.50306076,12.61486082
"Viale Dei Platani, 112",Antoci  Di Antoci Carlo,36.91776232,14.71396068
"Via Corso Umberto, 86",farmacia aquiletta denaro srl,36.78614108,14.90657614
"Via Corso Italia, 303",Farmacia Giampiccolo srl,36.87230351,14.76119524
"Via Xxv Luglio, 361",Albani Gaetano,36.96394265,14.59410392
"Via Montesano, 5",Incardona Luigi,37.04452765,14.65411532
"Via Garibaldi, 465",Emaia Di Cali' Maria Rita E Paolo Snc,36.95692426,14.49619784
"Via Via Nino Bixio, 15",FARMACIA EREDI DI LOSI LUIGI DI BELLINO MARIA ANNA E C. S.N.C.,36.7267655,14.8446816
"Corso Garibaldi, 67",Pacetto Del Dott. Antonio Platania,36.7765799,14.69785596
"Via Majorana, 6",Tavormina Girolamo,37.04452765,14.65411532
"Via Orfanotrofio, 21",Ottaviano Concetta,36.9269788,14.74443693
"Piazza Rimembranza, 63",Scalia Carmela,36.727248,14.847622
Via Sorda Sampierini 5/a,Amore Raffaele Di Amore Raffaele & C. S.n.c.,36.85389858,14.82264719
"Via ROMA, 161/C",FARMACIA ROMA S.R.L.,36.95692426,14.49619784
"Via Roma, 26",Carnazzo Maurizio,36.82529722,14.52356851
"Corso Vittorio Emanuele, 270",Incardona,36.94613985,14.60941375
"Via Gianforma, 82",Vindigni Massimo,36.85389858,14.82264719
"Via Gen. Girlando, 5/a",Amato Salvatrice E Vincenzo Snc,36.949872,14.609552
"Corso Vittorio Veneto, 122",Di Natale Emanuela,36.92728984,14.71496673
"Via Nazionale, 308",Roccasalva Sabina,36.84967365,14.76478837
"Via Duca D'Aosta, 22",Antica Farmacia Di Sparacino Marco A. E Maltese L. Snc,36.7930564,14.7074619
"Via Vittorio Emanuele, 2",Eredi Gulle',37.07695987,14.74108235
"Via Cavour, 133 - 135",Iacono Gaetana & Antonio Snc,36.95499245,14.5295373
"Corso Umberto I, 76",Azzara E Garretto Snc,37.03151455,14.7006581
"Via Risorgimento, 89",Eredi Meli Di Rosalia Ed Elisa Giampiccolo S.n.c.,36.91656068,14.72671366
"Corso Regina Elena, 8",Guccione Dei Dr.i Giorgio Guccione Ed Emanuela Guccione Snc,36.8653004,14.7629779
"Via Via Vittorio Emanuele, 104",Nigro Giovanna,37.17956711,15.1239279
"Via Ducrezio, 49",Rubino Di Lanteri S. E C. Snc,36.91237347,15.01984623
"Piazza Del Popolo, 15",Bongiorno Giuseppe,37.06180748,14.90431092
"Via Umberto, 71",Rizzo Sebastiano,37.14024162,15.03768457
"Via Garibaldi, 41",Costa Corrado,36.894463,15.072765
"Via Nazionale, 177",Li Destri Anna Maria,37.0714069,15.2829873
"Via Necropoli Grotticelle, 25/d",Caruso Di Caruso Salvatore,37.080336,15.2776014
"Via Vittorio Emanuele, 95",D'Agata Dr Lentini,36.67286268,15.10066252
"Via Guglielmo Marconi, 71",Strazzeri Luigi & C. Snc,37.2873945,15.00294922
"Via Filiberto, 213",Cosentino Maurizio,37.22699099,14.8661441
"Via Diaz, 13",Cocuzza Massimo Snc M. & C.,37.22699099,14.8661441
"Corso Giacomo Matteotti, 53",Mangiafico Serafina,37.0714069,15.2829873
"Viale EPIPOLI, 180/B",FARMACIA DOTTORI PAPPALARDO MARGHERITA E AGATINO S.A.S.,37.0839958,15.2513996
"Via Via Gramsci, 4",Farmacia Zivillica SRL,37.13363842,14.93239804
"Via Grotta Santa, 69",FARMACIA DEL VIALE SAS DEL DOTT. ANDREA RICCOBONO & C TERZA SEDE,37.0714069,15.2829873
"Via Principe Umberto, 170",Galardi Marco,37.27198315,15.12673274
"Viale Scala Greca, 311",Nigro Maria,37.0714069,15.2829873
"Via Alessandro Manzoni, 96",San Luigi Di Farmanuova Di Giuseppe E Fabio Novello Snc,36.82424,14.947792
"Via Iblea, 83",Cannata,37.17759778,15.128528
"Corso Gelone, 91",Fichera Paola,37.0714069,15.2829873
"Corso Vittorio Emanuele, 55",Malfa Claudia,36.91237347,15.01984623
"Via Principe Emanuele, 52",Dr. Farinato Francesco,37.25197581,14.9969327
"Piazza Plebiscito, 1",Saner Pharma S.r.l.,37.10273372,15.11004242
"Via Sipione, 78",Guastella Giuseppe,36.821063,14.947605
"Piazza Vittorio Emanuele, 26",Tafuri Francesco & C. Snc,36.71514675,15.09139184
"Via Paternò, 43",FARMACIA FAVATA DANIELE S.N.C.,37.0714069,15.2829873
"Via Cavour, 107",Inserra Orazio & C. Snc,37.27494274,15.01544716
"Via Principe Umberto, 16",Alessandrello Maria,36.91237347,15.01984623
"Via Cavour, 51",Centrale Giampiccolo & C. Snc,36.91020035,15.1347895
"Largo Xxv Luglio, 6",Valvo G. E V. Della Dr.ssa Valvo Giuseppina & C. Snc,37.0714069,15.2829873
"Corso Gelone, 1",La Madonnina - Eredi Poidomani Di Agosta Paola Sas,37.068258,15.2846376
"Via Piave, 57/59",Paravizzini Carlo & Seb. Snc,37.28696787,15.00165497
"Via Archia, 32",Agosta Marilena E C. Snc,37.0714069,15.2829873
"Via Corso Vittorio Emanuele, 117",FARMACIA SOFIA MARINI S.R.L.,38.0161937,12.5052424
"Via C. Rosselli, 166",Spadaro Giovanni,38.0119388,12.61419424
"Via Cosenza, 133",Venza Snc,38.0272804,12.54895115
"Via Margherita, 22",Farmacia San Vito S.n.c.,38.12391712,12.75897376
"Via C. Colombo, 310/a",Spina Mario,38.12391712,12.75897376
"Via Via Vespri, 99/101",FARMACIA BRIGAGLIA DR. MARCELLO DE LUCA S.R.L.,38.03296202,12.6381425
"Via Gaetano Maiorana, 22",FARMACIA MARETTIMO di Dott.ssa Rosa Alba Fici,37.93375812,12.29769638
"Via Capo Rizzuto, 173",Costa Sas Di Costa Carmelo & C.,38.0188317,12.51742
"Viale Regina Margherita, 9",Fontana Daniela,37.76107564,13.03456525
"Piazza Matrice, 72",Farmacia Barone Di Ilaria Barone & C.snc,37.93375812,12.29769638
"Contrada Ciavolotto, 263",Farmacia Dott.ssa Giacalone Iolanda,37.798045,12.4370156
"Piazza Del Popolo, 26",Sajeva Marianna,37.796255,12.435355
"Contrada Fornara, 729",Galatioto Giuseppe Della Dott.ssa Vita Agogitta & C. Sas,37.80111,12.434553
"Via Roma, 141",Scalia Giovanni,37.79630771,12.44004523
"Via Del Fante, 62",Fici Agata,38.01853406,12.53306582
"Via Trapani, 168/170",Bonfanti Sonia,37.80524217,12.45094537
"Contrada Cuore Di Gesu', 501",Galatioto Giuseppe & C. Snc,37.798045,12.4370156
"Via Salemi, 588",Pellegrino Carlo & C. Snc,38.0139712,12.53642555
"Via Salemi, 185",Farmacia Grimaudo di Pantaleo Caterina & C. S.a.s,37.6585843,12.6015474
Via Marsala Ang. Via Stazzoni,Farmacia Perricone Di Pandolfo Rosanna & C. S.n.c.,37.70188257,12.64603367
"Via Ettore Scimemi, 6",Aleci Vincenzo,37.82241714,12.7661971
"Via Giacomo Matteotti, 71",Spina Vita,37.82241714,12.7661971
"Via Siracusa, 41",FARMACIA DR ARMANDO MONTALBANO S.N.C. DI FABIO E SERGIO MONTALBANO,37.6505013,12.5965355
"Via Marinuzzi, 14",Consumano Ignazio,37.812276,12.869247
"Via Caboto, 90",Gancitano Salvatore,37.65513798,12.81633261
"Via Ruggero Settimo, 13-13A",Gagliano Rosaria,37.65513798,12.81633261
"Via P.pe Morso Naselli, 3",Di Giovanni Rosaria,37.7638253,13.0360563
"Via FILIPPO LEONE, 4 , 4 BIS, 6, 6 BIS",FARMACIA SAN VITO SRL,37.72170974,12.89424533
"Via Mannone Fra' Serafino, 20",Giardina  Nicolo',37.65513798,12.81633261
"Via via vittorio emanuele, 37",farmacia ferracane sas di Maiorana Giada Mariangela e c,37.65513798,12.81633261
"Piazza Carlo D'Aragona E Tagliavia, 14",Rizzuto Stefano E C. Snc Dei Dottori Rizzuto Salvatore E Rizzuto Caterina,37.65513798,12.81633261
"Via Vittorio Emanuele, 75",Dia Rosanna,37.72689924,12.89132459
"Via Cavour, 45",Farmacia Moceri del dott. Rocco Moceri,37.63534647,12.74911549
Via Santa Anna,Dallo Dalila,37.81992882,12.88814334
"Corso  6 Aprile, 115",Di Lorenzo Franco Ernesto,37.96384984,12.97409835
"Via Giuseppe Garibaldi, 129",Anania Giuseppina,38.01115316,12.82677043
"Corso G. GARIBALDI, 206",FARMACIA BOLOGNA SRL UNIPERSONALE,38.01115316,12.82677043
"Via Della Repubblica, 30",FARMACIA DR FANARA - S.R.L.,38.02554219,12.88146382
"Via Francesco Crispi, 85",Giorlando Giorlando Francesca,37.96384984,12.97409835
"Viale Europa, 107",Buscemi Giuseppe E Figli Snc,37.96384984,12.97409835
"Piazza Della Repubblica, 51",Benenati Vincenzo,37.96384984,12.97409835
"Via G.b. Fardella, 340",Farmacia Gallo Del Dottor Biagio Gallo & C. S.a.s.,38.0202591,12.530445
"Via Campania, 16",Ispicenia Srl,36.78992232,14.89890126
"Via Carlo Alberto, 26",COMUNALE SRL,37.36280793,13.85940804
"Via L. Caruso, 4",Passannanti Giacoma,38.12956244,13.16340388
"Via Santa Caterina, 39",Tornambe' Marta,37.67120728,13.29398245
"Viale Marchese Di Villabianca, 26",Marchese Di Villabianca,38.1369973,13.35059649
"Contrada Canalotto, 2273",DISPENSARIO DR.SSA LAMIA ANTONINA,37.96384984,12.97409835
"Via Popolo n. 256, angolo Via Monfalcone, 2",FARMA NISCEMI S.R.L.,37.1441744,14.3882668
"Via Dei Mulini, 4",Presidio Farmaceutico D'Emergenza - Dr.ssa Ottaviano,36.90707175,14.66410005
"Via Alessandro Manzoni, 158",Comunale Sacro Cuore Srl,36.82424,14.947792
"Via Babbaura, 40",Belvedere S.r.l.,37.4831552,13.9880975
"Viale Librino, 15",BORGH SALVATORE,37.48436105,15.05462707
Via Aereoporto Falcone e Borsellino,FARMACIA VENUTI P.F.E. VENUTI GIUSEPPE,38.15600628,13.11768691
"Piazza Pace, 11",BIONDO PAOLA,38.241115,15.441976
Via del Porto,PRESIDIO FARMACEUTICO DI FILICUDI,38.4754379,14.954554
"Via Castelvetrano, 155",Farmacia Lenzi di Chiara Sansone & C. SAS,37.70188257,12.64603367
"Via Torino, 47",FARMACIA MARIA REGINA SRL,36.73068603,14.84270775
"Piazzetta Xii Gennaio, 6",Musumeci Antonietta,38.069512,13.458481
"Via Berlinguer, 24",Dr.ssa Aricò Concetta &amp;C.S.A.S.,37.4907987,13.2680211
"Via Marco Polo, 8",BUSCAGLIA ANNA MARIA,38.0881047,13.45623683
"Via Lavina, 158/F",CARPINO FRANCA GRAZIELLA,37.60633501,15.11212732
"Piazza Del Risorgimento, 40/43",Risorgimento,37.44220831,15.03582932
"Via Mongibello, 77",FARMACIA PIANO TAVOLA SRL,37.538615,14.98367
"Via De Felice, 7",NERI DELLA DOTT.SSA NERI MARIA,37.62426309,15.11751958
"Via Palermo, 15/B",GIAMBO' CALOGERO,37.79299,14.829367
"Via Nazario Sauro, 71",VENINATA,36.8582255,14.75812814
"Viale Santa Panagia, 120",FARMACIA SANTA PANAGIA DELLA DOTT.SSA LUCIA FERLA & C. S.A.S.,37.0845901,15.279776
"Via Raffaele Failla, 91",Corsaro Della Dr.ssa Corsaro Antonietta Maria,37.2120629,14.6465075
"Via Rizzo, 140",TOMASELLO FRANCESCA MARIA ROSA,38.175786,15.2672078
"Via Tenente Palma, 117",Di Puma Calogero,37.187609,13.7728672
Via Zinirco sn,GRECO DELLA DOTT.SSA GRECO FRANCA,37.5183103,15.0077396
"Via Aldo Moro, 84 B",GRILLO MARIA ROSARIA,36.7193144,15.0963861
"Via B. Cannizzo, 14",RIGGIO PIETRO,37.0963547,15.2819656
"Via Palermo, 192",IRACI MARIA RITA,37.328247,14.744783
"Via Santa Chiara, 2",SANTA CHIARA DELLA DOTT.SSA IACA' MARIA LUISA CRISTINA,37.5864208,15.0504194
"Via Luigi Sturzo, 76",TORNABENE PATRIZIA,38.0351801,13.4511787
"Via Giacomo Leopardi, 5",CAPORALE MARIA LUISA,38.076251,13.444847
-,PRESIDIO D'EMERGENZA FARMACIA DEL MULINO DI APRILE M. & C. SNC,36.8589123,14.7613206
"Via M. Denti, 1",MARTINO DOTT. MAURO,38.1617608,14.8624447
"Viale Della Regione, 334",Centrale Del Dott. Davide Biondi,37.5830895,15.0934602
"Via Carrata, 10/E",SUCCURSALE DR.SSA MONTALTO,37.7526519,15.1960143
"Via Roma, 5",Zahami Eleonora,37.5797979,14.977892
"Stradale Scoglitti, 66",Farmacia Vittoria,0.0,0.0
Viale Vittorio Veneto 15,Farmacia Santa Lucia,37.0803344,15.1584287
Via Tenente De Cristofaro N.37/39,Farmacia San Rocco Snc,0.0,0.0
Via Giovanni Pascoli 22,"Farmacia San Corrado Della  Lmr S.n.c. Dei Dottori Luisa Rizza, Marino Giuseppe E Leonardi Salvino Antonio",36.7147567,15.0794503
"Viale F. Turati, 44",Farmacia Turati,0.0,0.0
Viale Della Libertà Snc,Farmacia Liberta' Srl,0.0,0.0
Via Gammara 39/c,Farmacia Gammara Snc,37.9834014,12.9528192
"Viale Dei Fiori, 82",Farmacia Del Viale,37.649002,14.851527
Contrada Marchitello S.s. 115 S.n.,Farmacia Marchitello,0.0,0.0
"Via Palermo, 123",Farmacia Dello Jato S.n.c.,37.9730347,13.1872546
"Via Ugo La Malfa, 115",Farmacia La Malfa,38.1636401,13.3146247
Via Messina Ficarazzelli 11,Nuova Farmacia Snc Dei Dottori Alagna E C.,38.0880621,13.452666
Via J.f. Kennedy 65,Farmacia J.f. Kennedy S.r.l.,0.0,0.0
"Via Umberto I, 392",Farmacia San Giuseppe s.r.l.,38.2212972,15.3739956
Via Marina Di Petrolo 14/16,Farmacia Del Golfo Di Pollari D.ssa Antonella E Ferrara D.ssa Doriana S.n.c.,38.0280044,12.8845724
Zona Industriale C.da Mugno Sp 25 Snc,Ragusa 22,0.0,0.0
Via Caduti In Guerra Snc,Farmacia Fondachello Playa S.r.l.,0.0,0.0
Via Aldo Moro N. 95,Farmacia San Leonardo,38.0404284,13.1121899
Via Falcone 99,Farmacia Via Falcone S.n.c.,36.9623197,14.5339585
"Via Stazione Circumetnea, 9",Farmacia Metropolitana S.r.l.,37.5699223,14.9126754
Viale Della Regione N. 136,Farmacia Viale Regione S.n.c.,38.051436,13.1250315
"Via Alcide De Gasperi, 339/a",Farmacia Nuova S.n.c. Dei Dott.ri Rosario Obiso E Serena Fanara,37.8867797,14.796634
Via Filippo Parlatore 69/c,Farmacia Parlatore,38.1242408,13.343891
Contrada Minaga 102/104,Farmacia Unità D'Italia,0.0,0.0
Via Loreto Gallinara 1,Farmacia San Giorgio S.r.l.,36.8748879,14.7539659
"Corso Vittorio Emanuele, 517",Farmacia Gabatutti Di Strano Antonino E Bongiovanni Margherita S.n.c.,38.0254491,13.4470841
Via Generale Cannada 480,Farmacia Nuova S.r.l.,0.0,0.0
Via Papa Giovanni Xxiii 44,Farmacia Papa Giovanni S.r.l.,0.0,0.0
"Via Padre La Rocca, 57",Farmacia La Rocca S.n.c.,38.0900586,13.4689049
Via Circonvallazione 25,Farmacia Nuova Della Dott.ssa Scorsone Caterina E Del Dott. Zicari Gerlando S.n.c,37.4946886,13.2636776
Via Kennedy 120,Farmacia Kennedy Di Alice Panto' & C. S.n.c.,38.17866,13.2382129
"Via Vanella, 47",Farmacia Igea,36.8130701,14.8078697
Via Pier Paolo Morretta 35,Farmacia Semini S.r.l.,37.2274678,14.5350457
"C/da Spagnola, 362",Farmacia Agate,0.0,0.0
Corso Umberto 396/398,Farmacia Santa Fara,38.1585335,13.1054153
"Corso CRISTOFORO COLOMBO, 11 TER",FARMACIA SALUTE & BELLESSERE S.R.L.,37.6093492,15.0768898
"Via Roma, 344/b",Farmacia Gierre,38.0312071,13.442587
Via Pirandello 22-24,Farmacia San Piodella Dott.ssa Valeria Parisi E Del Dott. Vito Maurello S.n.c.,37.3542083,13.84028
Via Luigi Sturzo N.ro 205,Farmacia Nazionale,0.0,0.0
"Via Dei Platani, 24",Farmacia Platani,0.0,0.0
"Via Fanfani,71",Farmacia Lauricella,37.3508107,13.836611
Via Provinciale 83,Farmacia Dei Fiori,38.1557852,13.1922148
Piazza Della Vittoria 2,"Farmacia Amica S.n.c. Di Iannolino Lucia Grazia, Castrogiovanni Maria Grazia E Amato Giovanna",0.0,0.0
Via Dei Greci 13/15,Farmacia La Pineta Delle Dott.sse Catalano Concetta E Zillitto Nunzia S.n.c.,37.1575523,15.176626
"Via Vittorio Emanuele Iii, 142/144/146",Nuova Farmacia Di Brolo,0.0,0.0
"Via San Lorenzo, 273",Farmacia San Lorenzo,38.169207,13.3111264
Via Loreto 19,Farmacia Del Corso,38.043234,13.5515605
"Via Aldo Moro, 29",Farmacia San Castrense S.r.l.,38.0758095,13.2849049
"Via Vitaliano Brancati, 2",Farmacia Santa Barbara,38.0325476,14.0257503
"Via Giovanni Xxiii, 108 A-b-c",Farmacia San Vito,0.0,0.0
"Via Firenze, S/n",Montalfarma S.r.l.,38.1854053,15.2690067
Strada Statale Santa Maria Degli Ammalati N. 152,Farmacia Sani Srl,0.0,0.0
Contrada Bambina 48/e,Farmacia San Giuseppe S.r.l.,37.7473489,12.504431
"Corso Vittorio Veneto, 479/481",Farmacia Gagini,36.9253016,14.7091429
"Via Cristaudo, 72",Farmacia Monterosso S.r.l.,37.6413886,15.0981665
"Via Lo Jacono, 3",Farmacia San Lorenzo S.r.l.,0.0,0.0
"Via Errante, 12",Farmacia Dott. Cattafi Gaspare,38.1057815,15.1238565
"Via Giacomo Matteotti, 236",Farmacia Viola Dei Dottori Randazzo Damiano E Paterno' Massimo Antonio Snc,38.1497681,13.0833924
"Via G. Di Vittorio, 38",Farmacia Etika Dei Dottori Azzolina Maria E Galata' Filippo S.n.c.,0.0,0.0
Via Consolare Valeria 144/d,Nuova Naxos S.n.c.,37.818968,15.249435072369243
Via Sferracavallo N. 105/b,Farmacia Sferracavallo S.r.l.,0.0,0.0
Via Nizzeti 143,"Farmacia San Filippo S.n.c. Dei Dottori Emanuele Patane',Giuseppaalba Raciti E Rossella Timpanaro",37.5692856,15.1381367
"Via Santa Maria Di Gesu', 3a","Farmacia Della Guadagna Snc Di Nicosia Paolo, Patella Chiara E Vinciguerra Rosanna",38.0870483,13.3760578
Via Solicchiata 67/b,Farmacia Solicchiata S.r.l.,37.6711514,14.8377209
Via Sgroppillo N. 33 ? 35,Farmacia Pettinato S.r.l.,0.0,0.0
Via Villagrazia 303 I,Nuova Farmacia Barone Scala S.r.l.,38.0868071,13.3447485
Strada Statale 113 Quartiere Piraineto 93,Farmacia Piraineto,0.0,0.0
"Via Martiri Portella Della Ginestra,147",Farmacia San Giorgio,37.9937941,13.2768229
"Via Sardegna, 76",Farma Quattro,41.9547928,12.769675
Via Palermo 29 I/l,Farmacia Belvedere,0.0,0.0
"Via Fra Calofero Liotta, 4/6/8",Farmacia Ferraro Srl,0.0,0.0
"Corso Antonio Gramsci, 175",Farmacia Sacro Cuore,37.1491362,14.401904
"Via Perpignano, 325",Farmacia Perpignano,38.1192659,13.3303662
"Via Terre    Nere, 81",FARMACIA   TERRE   NERE   S.R.L.,37.5140092,14.966669
"Via Trabucco, 123",Farmacia Gia.di.na.,38.1505344,13.3155637
"Via Capitano Emanuele Basile, 14",Caman Farma S.r.l.,38.1028876,13.3243853
"Via Palermo, 59",Farmacia Palike',37.3460724,14.7301469
"Via Gaetano Amoroso, 2",Farmacia Montegrappa,38.1026984,13.35119
"Via Via Messina Marine, 585/A",Farmacia Cali' Chiara & C.  s.n.c.,0.0,0.0
Contrada Ciuccafa S.n.c.,Farmacia Empedocle S.r.l. Dr.sse Gallo E Gruttadauria,0.0,0.0
"Via Pietro Mascagni, 55-57",Farmacia Del Borgo,36.7181384,15.0991163
Viale Michelangelo Buonarroti N. 4,Farmacia Della Scala,0.0,0.0
"Via Xxv Aprile, 33",Farmacia Santuzzi S.r.l.,37.2960044,15.0043588
"Piazza S.maria Delle Grazie, 24",Farmacia Etna,0.0,0.0
"Via Del Bosco, 227",Farmacia Isgro' Della Dott.ssa Isgro',37.6018331,15.0350957
"Corso Dei Mille, 1548",Farmacia Dei Mille  SRL,38.111051,13.3687604
"Via Asia, 1/b",Farmacia Poidomani Srl,36.9192366,14.4137179
Via Cappuccini 225,Farmacia Sant'Agata S.r.l.,37.6594512,14.8387272
Via Marconi Centro Commerciale  Le Ginestre,Farmacia Le Ginestre,0.0,0.0
"Via Filadelfio Di Leo, 37-39",Farmacia Di Giorgio s.n.c .delle Dottoresse Rosalia e Concetta Di Giorgio,0.0,0.0
"Via In. Giuseppe Bagnera, 18 INT.4",FARMACIA SAN GIUSEPPE S.R.L.,0.0,0.0
"Viale Luigi Monaco, 10/F","""Farmacia del Poggio"" ArCa Farma s.r.l.",37.4910174,14.0374057
"Viacomunale S.FILIPPO INF. C.DA SAN GIOVANNELLO, 17 e 19",LICITRI CANNAVA' SRL,0.0,0.0
"Viale Venere, 22",FARMACIA VENERE,38.1895288,13.3275643
"Via Mole, 19",Farmacia Villarosa,38.0752362,13.5037353
"Via Altavilla, 31/C",FARMACIA SANTA CATERINA S.R.L.,37.6184651,15.0647778
"Via P.A.Muratori, 2",Farmacia Sant'Antonio,0.0,0.0
"Via Mompilieri, 43",FARMACIA MOMPILIERI,37.5953975,15.0299064
"Via Francesco  De Sanctis, 17/19",farmacia aucalma srl,38.1238433,13.3294587
"Via Nunzio Maniaci, 23/b",farmacia san vito snc,38.1746671,12.7391042
"Via Aldo Moro, 6",FARMACIA FICANI INGENITO S.R.L.,37.5111172,13.1076364
"Via MICHELANGELO, 311",FARMACIA DEI SERVIZI SOCIETA' A RESPONSABILITA' LIMITATA,38.1566322,13.233284
"Via SETTEFARINE, 90",FARMACIA SETTEFARINE  SRL,37.0755939,14.253355
"Via Comiso, 24",Farmacia Naurra srl,38.0485463,13.5293868
"Via Circonvallazione, 81",Farmacia Gentile S.R.L.,38.0717748,13.2726954
"Via Via Emanuele Nicosia, 13",FARMACIA AMICA,0.0,0.0
"Via arancio, 27",farmacia igea srl,37.2650353,13.9658895
"Via Aquino, 52",BFC Pharmacia srl,38.0750368,13.308948
"Via Porta Palermo, 119",Farmacia Porta Palermo s.r.l.,37.9803079,12.973148
"Via Ispica, 29",FARMACIA PIANODAPI,37.6292319,15.143997
"Via Rua Sant'Antonio, 13A",Farmacia dell'Etna,37.6150772,15.0569613
"Corso Sicilia, 52",Farmacia Sant'Anastasia,37.5184871,14.9673297
"Via Provinciale, 117",Farmacia Santa Chiara snc,38.0492133,13.23435
"Via Via Badala', 31/E",Farmacia Diana snc,37.793347,15.216039
"Via Porta Palermo, 3",FARMACIA FUORI PORTA,0.0,0.0
"Via ALCIDE DE GASPERI, 225A/B",FARMACIA IERACI-RIGGIO,38.0774264,13.447093
"Via LIBERTA', 32/34",FARMACIA DELL'ISOLA,38.1824443,13.240478
"Via Salso, N. 1/a",Farmacia San Cusumano S.r.l.,38.0412158,12.5434274
"Via DOTT. MERCURIO, 9",SIRGA S.R.L.,0.0,0.0
"Via carlo greca, 23",farmacia pandolfo e teresi srl,38.0968291,13.3674777
"Via Altofonte, 63/65",Farmacia Villaciambra S.R.L.,38.0631525,13.322887
"Via PIERSANTI MATTARELLA, 11/B",PHARMA2 S.R.L.,0.0,0.0
"Via corso mediterraneo, 52",farmacia Mediterraneo,0.0,0.0
"Viale Regione Siciliana, 3024",Farmacia Consiglio Minelli snc,37.9275226,13.6662374
"Via san paolino, 80",farmacia San Paolino,38.2093369,15.2407443
"Via leonardo da vinci, 176",Farmacia Ferraro Eugenio,37.9815981,13.685566
"Corso ITALIA, 265-267",FARMACIA SANTA RITA S.R.L,38.1400099,13.1866578
"Via san pietro, snc",dispensario farmaceutico panarea,0.0,0.0
"Traversa Renella, 3/A",Farmacia del mare srl,37.0149611,15.2739874
"Via venezia, 328",farmacia venezia srls,37.075737,14.2434334
"Via TIMEO, 2/4",FARMACIA PARTANNA MONDELLO srl,38.1977027,13.3062199
"Via tremilia, 15",LA.GRI.FARMA S.R.L,0.0,0.0
"Via Via Giovanni Paolo II, 6",Farmacia Igea,0.0,0.0
"Via Brancaccio, 2/o",Farmacia Ponte Ammiraglio srl,38.0970315,13.3823171
"Via astrel, 1",farmacia leopardi srl,37.5605768,14.9212462
"Viale ENRICO BERLINGUER, 4",FARMACIA AUREA,37.3129728,13.6638665
"Via Traversa Caderini, Snc",Farmacia Isola SNC di Roccella Maria Grazia Fazio Laura e Accolla Mariacristina,0.0,0.0
"Stradale forcone, 112",farmacia michele arcangelo srl,0.0,0.0
"Viale CARLO ALBERTO DALLA CHIESA, 50",FARMACIA CALAROSSA S.R.L.,0.0,0.0
"Via NAZIONALE PER CATANIA, 119/A",FARMACIA ACQUEGRANDI SRL,37.5811241,15.1688707
"Via D'Angelo, 2",FARMACIA BELLA,37.74731,15.1931393
"Via Ermete Zacconi, 61",FARMACIA SALUS S.R.L.,0.0,0.0
"Via CAVALERI MAGAZZENI, 115",FARMACIA SAN GREGORIO,37.256623,13.6185484
"Via MESSINA, 269/B",FARMACIA BORGONUOVO S.R.L.,37.792192,14.8444945
"Via Circonvallazione  A. Vicari, snc",Farmacia Giuseppe Rubuano srl,0.0,0.0
"Via SP 56/I, 54",FARMACIA SALUTE E BENESSERE,0.0,0.0
"Via Duca degli Abruzzi, 171",Farmacia Trappeto dott.sse Benanti L. e Genitori D¿Arrigo P. s.n.c.,37.5213415,15.1026662
"Via Consolare, 85",Farmacia Punta Aguglia srl,38.0887117,13.5071115
"Via Umberto I, 24 b",Farmacia Bevilacqua dispensario di Frazzanò,38.0723231,14.7439476
"Corso Corso Umberto I, 925",FARMACIA SANT'ATANASIO S.R.L.,38.0865455,13.4632381
"Via F26, 1BIS",FARMACIA NOVA,37.3979845,13.5373837
"Via Aldo Moro, 16",Farmaci Pizzo Carano s.r.l.,37.4762604,13.9772665
"Viale EUROPA, 466",FARMACIA DELL'EMIRO  SRL,38.0390866,13.4590849
"Via Regione Siciliana S.E., 2221",Farmacia Altea,38.0858014,13.2850108
"Piazzale PIAZZALE FUNIVIA, SN",ETNA PHARMA 2000,37.70023595,14.998906722039576
"Corso dei Mille, 921/G",Farmacia Tutto Salute,38.0990874,13.3906016
"Via libertà, 5",farmacia della stazione srl,37.970956,13.7270664
"Via aeroporto falcone borsellino, 1",farmacia del varco srl,0.0,0.0
"Via Mordini, 171",Farmacced di Andrea Taravella SNC,38.0321199,13.4477265
"Via Principe Umberto, 13",Farmacia Salice,37.9798001,15.3144775
"Via Assieni, 20",Farmacia Sperone S.N.C. di Messana Salvatore e Perricone Ignazio,38.0623632,12.6857205
"Piazzale VITTORIO VENETO, 12",FARMACIA VITTORIO VENETO,37.961505,13.1800355
"Via Alla Falconara, 50 b",Farmacia Baida srl,38.1173146,13.2923331
"Via Aldo Moro, 142",FARMACIA PONTICELLI,38.1375837,13.1698355
"Corso OCEANO ATLANTICO, 43",FARMACIA DEL MARE S.N.C.,36.7863634,14.5227945
"Via LEONARDO SCIASCIA, 9",FARMACIA SPATARO,36.9688575,14.6135452
