name,description,lat,long
Officina del benessere s.r.l.,"Via Luigi Monaco, 12",41.9027835,12.4963655
SOPHYCHRI SRLS,"Via XX SETTEMBRE ANGOLO VIA CARACCI, 1",41.9027835,12.4963655
PARAFARMACIA FARMAFAMILY,Contrada MARCELLINO C\O LA VELA,41.9027835,12.4963655
parafarmacia sparacino francesca,"Via iditella, snc",38.63319971,15.0763733
"Parafarmacia Santa Marina,Dott.ssa Cioni Serena",Via Risorgimento n 12,38.55571575,14.85967361
PARAFARMACIA DI VULCANO,VIA PORTO LEVANTE,38.463769,14.953475
HELLO PHARMA SRLS,"Via VULCANO, SNC",38.390608,14.9680914
Parafarmacia D.ssa Casella,Corso della Libertà 112,38.23213858,15.40845528
Parafarmacia,Corso della Libertà 112,38.23213858,15.40845528
profarma srl,"via nazionale, 117/119",38.2303886,15.4084625
FARMASANITARIA,VIA NAZIONALE,38.2262792,15.395357
BRUALFARM S.A.S.,"VIA RISORGIMENTO, 161",38.22264431,15.2381075
Parafarmacia Natura & Benessere,Via Don Luigi Sturzo n. 5,38.22171732,15.45684066
PARAFARMACIA DOTT. MORTELLITI,"Via TENENTE MINNITI, 90",38.2207102,15.2419327
PARAFARMACIA SANITARIA DOTT.SSA CETTY MOLLICA,VIALE ANNUNZIATA 83,38.21997567,15.55774319
PARAFARMACIA LA MALFA GIUSI,"Via TENENTE MINNITI, 90",38.2156255,15.2364932
PARAFARMACIA DEL DOTT. LA MALFA TOMMASO,VIA SAN GIOVANNI 103,38.21508145,15.23482011
PARAFARMACIA FARMALIFE,"Via REGINA ELENA, 203",38.2127793,15.5587204
conad superstore,"Viale giostra, snc",38.2071996,15.5585089
PARAFARMACIA MADONNA DELLE GRAZIE,VIALE DELLA LIBERTA' 41,38.20288675,15.55972786
Natura & Bio di Tambato Antonio,"Via libertà, 37",38.201103,15.315945
parafarmacia isola del farmaco,via cristoforo colmbo 126,38.1966364,13.2481759
EGITTO FRANCESCO,"Via PRINCIPE UMBERTO, IS.230 49/A",38.194468,15.5462132
L'OFFICINA DELLE ERBE,via garibaldi 293,38.1940297,15.554114
erb.farmacia delle erbe,via U.Bonino ang. via Siligato,38.1940297,15.554114
FARMASANITARIA DELLA DOTT.SSA R.ROMEO,VIA PANORAMICA DELLO STRETTO N.1368,38.1940297,15.554114
PARAFARMACIA MONDO ROSA,VIA PIETRO CASTELLI N. 13,38.1940297,15.554114
Pharmasi Farmashop,"Centro Commerciale Tremestieri SS114 km6,2",38.1940297,15.554114
Faro della Salute di Fazio Salvatore & C. s.a.s.,Via Messina 1H,38.1940297,15.554114
Parafarmacia,"Via G. La Farina,100",38.1940297,15.554114
parafarmacia dott.ssa ciano carmela,via garibaldi 72,38.1940297,15.554114
Parafarmacia Paradiso del Dr. Luigi Felici,Via Consolare Pompea n°17,38.1937571,15.5542082
Emporio della Salute,"Via XXI Ottobre, 629",38.19153229,15.35185291
parafarmacia dott.ssa Marchesini srl,"Corso cavour, 62",38.1909459,15.5526293
PARAFARMACIA DOTT.SSA ARICO',"VIA COMUNALE CAMARO, 76",38.1907018,15.5158479
L'ANGOLO DELLA SALUTE SRL,Via DELL'OLIMPO 24-26,38.18885577,13.31871063
Farmaservice farmacia veterinaria,"Via Dell'Olimpo, 30/F",38.18861766,13.30549279
Rengis s.r.l.,Via Centonze 45,38.18838652,15.55557235
FARMASTORE DI TRISCHITTA MASSIMO,VIA CENTONZE 69,38.18838652,15.55557235
LEFARMISSIME SRL,Via I settembre 44,38.18795622,15.55832255
PARAFARMACIA MAPA SRL,"Viale CENTONZE, 69",38.1864827,15.5540085
L'ARCIPELAGO S.R.L.,Via LO VERDE 9-31,38.1862873,13.3097523
"Orchidea Farma ""Corolla""","Via FIRENZE, SNC",38.1860913,15.2689009
PARAFARMACIA SCOLARO GIUSEPPE,"Via CENTONZE, 159",38.1843396,15.5521145
PARAFARMACIA CONAD,"Via Giuseppe Lanza di Scalea, 1963",38.1834016,13.3085605
PHYTOSOPHYA,"Viale EUROPA, 207",38.1832798,15.5425061
eurosan,via cesare battisti 207,38.18235052,15.54897578
parafarmacia dott.ssa marchesini,"Via cesare battisti, 190",38.18235052,15.54897578
PARAFARMACIA CASTELFORTE,"Via CASTELFORTE, 101",38.179393,13.3251881
FOX PHAMA SRL,"Via Kennedy, 98",38.178973,13.238038
Parafarmacia Bruni,viale San Martino 172,38.1781244,15.5488386
PARAFARMACIA PIEMONTE,"VIALE EUROPA,193",38.1781117,15.55291965
PARAFARMACIA SCALEA,"Via LANZA DI SCALEA, 582-642-724",38.1715036,13.3135687
parafarmacia,Via umberto I,38.17125454,14.89333011
Parafarmacia Abbate,Via nazionale n.30,38.1668279,13.1081077
Parafarmacia Lojacono Raffaele,"Via Garibaldi,293",38.1661574,15.251175
PARAFARMACIA  DOTT SCARCELLA ANTONINO,VIA DANTE 118,38.165865,15.249884
PARAFARMACIA KALISPERA,"Via GARCIA LORCA, 1",38.1658618,13.3210927
PARAFARMACIA FARMA BENESSERE DEL DOTT. SERGIO PARRINO,"Via NAZIONALE, 79",38.16402623,13.10511047
Parafarmacia Natura & Benessere,"Via Vittorio Veneto, 22",38.162829,14.7469766
PALERMO,VIA UGO LA MALFA 115,38.16201535,13.31346298
parafarmaciaviola,"Stradastatale ss113, s.n.c.",38.16188506,13.10269833
PARAFARMACIA DEL CENTRO,"Piazza MATTEOTTI, 7",38.161591,14.745702
PARAFARMACIA DEL CENTRO,"Piazza MATTEOTTI, 9-10",38.161556,14.74566
Parafarmacia Dr. Livio CHiesa,"via Piave, 35",38.161526,14.746459
parafarmacia viola,Stradastatale ss 113,38.16148048,13.10344851
parafarmacia cassaro antonella,"Via SS 113, KM 181,2",38.161093,13.206085
farmaservice parafarmacia veterinaria,"Via la malfa, 10",38.15660199,13.31844717
parafarmacia Malica,Contrada Malpertuso c7oCentro commerciale LA FILANDA,38.155825,14.8187871
Parafarmacia D.ssa Ricciardello Maria,P.zza Dante,38.15567817,14.82941604
Parafarmacia dei Nebrodi S.r.l.,"VIA DEI NEBRODI, 65 A/B",38.1532203,13.32721117
ORTOPEDIA PARAFARMACIA SRLS,"Via VIA PAPA SERGIO I, 60",38.1526195,13.3704391
officine ortopediche policlinico srl,"Via Via Papa Sergio I, 60",38.1524694,13.3705385
BENESSERE NATURA PARAFARMACIA,"Via C. COLOMBO, 54/56",38.1517094,14.9700696
EUROFARMACONSRL,"Via Alcide De Gasperi, 84/86",38.1507364,13.3368405
PARAFARMACIA CONAD,"Via FILICUDI, 10",38.1506436,15.1906867
2C Pharma sas di Contartese Giuseppe & c,"Via salvatore cattafi, 31",38.149623,15.221288
FARMA PIU' S.N.C.,VIA VAL DI MAZARA 29-29/A,38.14922216,13.33873197
parafarmacia M & C pharma s.r.l.,via dei Nebrodi 65 A/B,38.148092,13.3304227
Parafarmacia Mongiove della Dott.ssa Cardone Deborah,"Via Umberto I, 30",38.14798714,15.01449741
PARAFARMACIA PICCIOLO MARIA,VICO CALDERà 7/angolo VIA CALDERà 24,38.147565,15.210484
Parafarmacia DRAGOPHARM di DRAGO CORRADO,Corso Vittorio Emanuele 118,38.1473393,13.08594229
PARAFARMACIA MALICA 1,"Via consolare antinca, 198",38.1473104,14.7366044
Parafarmacia Terranova,via Empedocle Restivo 77,38.14682415,13.33436654
PARAFARMACIA SALUTE E BENESSERE,"Largo TRINACRIA, 4/5",38.1467516,13.3383057
Parafarmacia,c/so Matteotti 140,38.146477,14.969479
I. FEDERICO,"Via I. FEDERICO, 14/A",38.1451797,13.3468066
POLIGIULIA SOCIETA'COOPERATIVA,"Via empedocle restivo, 80",38.1449629,13.3352094
PARAFARMACIA STE.MAR. srls,"Viale CAMPANIA,58",38.14453513,13.33896918
parafarmacia d'amore,"via aquileia, 114",38.14281678,13.33269271
BNIN DI ROSALINDA BRUSCA,"Via SAMPOLO, 358/360/362",38.1413864,13.3501164
PARAFARMACIA MAYMONE DI ANGELO GIOVANNI LEONE & C S.N.C.,"Viale LAZIO, 60/C-62-62/A",38.1411591,13.3356723
PUNTO-PHARMA-UGDULENA SRL,VIA GREGORIO UGDULENA 5/A,38.140365,13.34682099
FARMAMED DI CARLO DI FEDE,"Via GIUSEPPE ALESSI, 16/D",38.140079,13.349506
farmaservice parafarmacia veterinaria,"Via Francesco Paolo Di Blasi, 18",38.139875,13.34510028
FARMA ZOO SERVICE PARAFARMACIA VETERINARIA,"Via FRANCESCO PAOLO DI BLASI, 18",38.13935,13.34402
FARMAVET SRLS,"Piazza UNITA' D'ITALIA, 13",38.138324,13.3440001
cadifarm s.r.l.,"via generale vincenzo streva, 55",38.13811848,13.35086214
PARAFAMACIA,Via Montalbo 148/150,38.13809935,13.36316155
PARAFARMACIA DOTTORESSA TIZIANA TERRANOVA,"Via UMBERTO GIORDANO, 240",38.137864,13.3379792
FARMA IMPRESA S.A.S.,VIA DEI CANTIERI 39/C,38.13705677,13.36316402
Parafarmacia FarmaQualità,"Via Consolare Antica, 595",38.136654,14.7288746
FARMA IMPRESA S.R.L.,LARGO VILLAURA N.6,38.13628212,13.36195682
FACES SRL,"Via GIUSEPPE SCIUTI, 104 I / L",38.13624434,13.3403635
Parafarmacia,"Via del mare ang.via I maggio, 74",38.1358656,15.1633873
Parafarmacia Dott. Andrea Galante,Via Mario Rapisardi 68/b,38.13567085,13.34754693
Farmasanitaria Longo Stefana,via Regione Siciliana 2,38.13567014,15.3948074
PARAFARMACIA UDITORE,VIA TIEPOLO GIOVAN BATTISTA 22/24,38.1354976,13.3232799
PARAFARMAVET S.R.L.S.,"Via PRINCIPE DI PALAGONIA, 12",38.1339655,13.3364158
Virz Antonella,"Via Francesco Lo Jacono, 35",38.1331395,13.3453681
PA- 423555,"Via FRANCESCO LO JACONO, 35",38.1331395,13.3453681
PARAFARMACIA LA TORRE,"Via ASSORO, 25",38.1328722,13.3006896
aloi  grazia,via cairoli 187/b,38.13272456,15.2274408
FLACCOMIO GIOVANNI,"VIA KENNEDY N. 3, 5, 7",38.13272456,15.2274408
"ORCHIDEA FARMA ""LA TORRE""","Via ASSORO, SNC",38.1327045,13.3007158
profarma srl,"via torino,15",38.13198823,15.36402128
Parapharmacia di Molandi Pierantonio e Alberto s.n.c.,Via ROMA 495,38.1313676,13.18377036
Parafarmacia PoseidonIn,"Contrada ciachea, snc",38.131172,13.1818847
farmaservice srls farmacia veterinaria,"Stradastatale km 281, 220",38.1311611,13.1812609
PARAFARMACIA TENDENZA ROSSANA DI ORLANDO ROSSANA,"Contrada CRESTA, 334",38.13053259,14.76438176
dott.alagna giuseppe,"via c.camilliani,122",38.13038293,13.32392317
erboristeria panacea,via Lo Jacono n. 53,38.13022074,13.33094987
OXA S.R.L.,VIA AUTONOMIA SICILIANA N. 105-107,38.13022074,13.33094987
Parafarmacia  Valdemone  Srl,Via Croce Rossa 61/B,38.13022074,13.33094987
parafarmacia dott.a.caruso,via a.cirrincione n°2,38.13022074,13.33094987
ALVIN DI TRUPIA ALESSIO S.A.S.,"Via F. G. Pipitone, 77/79",38.13022074,13.33094987
PARAFARMACIA DON BOSCO DEL DR.FRANCESCO CINA',VIA DEL GRANATIERE N°14,38.13022074,13.33094987
parafarmacia tranchina,via malaspina n. 126,38.13022074,13.33094987
parafarmacia sicilia s.r.l.,via carbone 27,38.13022074,13.33094987
Parafarmacia Kalos,Via Pitrè 193/F,38.13022074,13.33094987
GAMAC S.R.L.,VIALE MICHELANGELO N. 2200,38.13022074,13.33094987
FARMASELF DI MADONIA FRANCESCO,"VIA PIPITONE FEDERICO, 20",38.13022074,13.33094987
FOX PHARMA ONE SRL,VIA TORRETTA N. 14,38.12956244,13.16340388
POSEIDON S.R.L.,CONTRADA CIACHEA SN,38.12956244,13.16340388
Vivisalute Carini,---- ss 113 km. 182,38.12956244,13.16340388
bl vet srl,"Via terrasanta, 20/22",38.1284532,13.3456254
Parafarmacia Farma.Gia,"via Nicolò Garzilli,34/b",38.1275787,13.3513341
FARMA-IN SRL,VIA TERRASANTA 41/43,38.12757734,13.34626093
ADRIANA ALBANESE,VIA GAETANO DAITA 34,38.12690919,13.3551896
IL DECALOGO DELLA DOTT.SSA MARIA PERLA CLEMENTE,"VIA TORREARSA, 7",38.1264459,13.35559217
PARAFARMACIA,"Corso PALERMO TONNARELLA, 144",38.1260084,15.1154285
Parafarmacia FG Farm snc,via Francesco Vivona 9,38.1257039,13.3392716
Virz Antonella,"Via xx settembre, 15",38.1253659,13.3536346
ORTOPEDIA PARAFARMACIA CASSARO ANTONELLA,"Via GIUSEPPINA TURRISI COLONNA, 86/88",38.1251581,13.3466771
PARAFARMACIA GUERCIO MASSIMO,VIA REGINA MARGHERITA N.16/18,38.12391712,12.75897376
parafarmacia spina di spina m. g. & c. sas,piazza marinella 30,38.12391712,12.75897376
FARMACIA SALUS ET OFFICIA SRL,"Via GASPARE AMODEO, 36",38.1237725,15.0606906
PARAFARMACIA DOTT.SSA R. DI DIDIO,"Via DANTE, 326-328",38.1217459,13.3425297
Parafarmacia Ruggero Settimo,"Via Generale Magliocco, 54/56",38.1212224,13.3558605
Parafarmacia Bandiera,via bandiera 39,38.11846706,13.36119204
PHARMACOO srl,"Via DUCA DELLA VERDURA, 6/A",38.1182858,13.3406284
Parafarmacia della Marina,"Via Salita Partanna, 1",38.1170627,13.3681779
Parafarmacia del Tindari soc.coop.,"Via nazionale, 213",38.117049,15.0797443
Parafarmacia Torremuzza del Dott. Maurizio Mello,"Via Torremuzza , 17",38.1165996,13.37259367
Farmavita di Chianello Mary,"Corso Calatafimi,975/c",38.111051,13.335745
Vivisalute leoni,Via Pietratagliata n. 19-29,38.111051,13.335745
Parafarmacia Rabbone SRLS,"Via Nazionale, 177",38.10977819,14.70956517
Vass.Azzar.Sas di Vassallo Massimiliano & C.,"Via Carlo Pisacane, 6/a-b",38.1094282,13.3639879
parafaramcia delle cliniche,"Via liborio giuffrè, 16",38.1067747,13.3600008
elgafar 3 srl,via cuba 79,38.1055538,13.3410263
Parafarmacia natura e bellezza di Blangy Alexandra Moreno,"Via Gaspare palermo, 61",38.1054249,13.3635529
Igeapharm,"Via Gaspare Palermo, 61",38.1053488,13.3636207
IGEAPHARM,"Via GASPARE PALERMO, 61",38.105342,13.3636055
EASYPHARMA DI R.DELIA,"Via NAZIONALE, 223",38.1041742,14.7021385
PARAFARMACIA OLISTICA,"Corso CORSO CALATAFIMI, 613",38.1032202,13.3307307
officine ortopediche policlinico srl,Piazza francesco durante 19/20/21,38.1031551,13.3628001
ALIDA SAS,CORSO CALATAFIMI 950,38.10305774,13.33033886
Farmavita di Chianello Mary,"Corso Calatafimi, 979b",38.10305774,13.33033886
La Clorofilla di Eliseo Elisa,"Via Catania, 49",38.10224685,13.49676065
FARMASERVICE SOCIETA' A RESPONSABILITA' LIMITATA SEMPLIFICATA,"Via Crocifisso a Pietratagliata, 19",38.1021455,13.3223279
ZOO SERVICE SRL parafarmacia,"Via crocifisso a pietratagliata, 19",38.1021455,13.3223279
PARAFARMACIA528,"Piazza BARBARINO COSTANZO, 47",38.1006977,13.3349768
LA MIA PARAFARMACIA DI CRISAFI DANIELA,"Corso CALATAFIMI, 957",38.1000476,13.3224813
FARMA LINEA STORE S.R.L.,VIA ERNESTO BASILE 18/20,38.0992911,13.3468269
parafarmacia scopelliti nunzia,"Via nazionale mili marina, 217/219",38.097988,15.5042717
PARAFARMACIA SANTA ROSALIA DEL DOTT. CAVALLARO FRANCESCO &amp; C. S.N.C.,"Via Stefano Bilardello, 11",38.09622,13.34902
PARAFARMACIA SERV. E SALUTE DEL DOTT.LISTRO ORAZ,VIA DELL'ORSA MINORE 272/274,38.09445597,13.36834451
"Orchidea Farma ""Forum""","Via FILIPPO PECORAINO, SNC",38.0939074,13.4024854
Parafarmacia Lo Iacono,"Via Benedetto Caputo, 71",38.09376,14.679973
SERVIZI E SALUTE S.A.S.DEL DOTT LISTRO ORAZIO,"Via DELL' ORSA MINORE, 272/274",38.092435,13.3658337
tribuna pharma di tribuna vincenza,via sant'elia 97/f,38.09160594,13.53836863
Parafarmacia Kalos della Dr.ssa Flesca Maria,"Via Villagrazia, 79",38.09124689,13.35578818
punto farma,---- corso umberto 628,38.09050485,13.46450945
Farmaci 01 s.r.l.,"Corso Umberto I, 619",38.08836498,13.46233946
Parafarmacia Ohana,"Corso butera, 127 a/b",38.08685,13.505462
centro guadagna,"Via villagrazia, 77",38.0862499,13.3467499
FARMALANDA SRL,"Via DANTE ALIGHIERI, 4",38.0845047,13.5057612
Rubuano Luigi srl,"Via umberto, 10/a",38.0843087,14.7493828
CENTRO PICASSO,"Via DE GASPERI, 257",38.0838114,13.4496527
TIMAD,"Via Dante, 77",38.0837931,13.5018799
Parafarmacia farmaestetica,"Via Giacomo Restivo, 69",38.0835062,13.5107516
Parafarmacia Biocenter srl,ctr. Filippello zona industriale artigianale,38.08264519,14.84954623
PARAFARMACIA BAARIA S.R.L.,"Via AMERIGO VESPUCCI, 13-15",38.0800241,13.5134535
PARAFARMACIA XX SETTEMBRE,VIA XX SETTEMBRE 15,38.07988537,13.51007562
PARAFARMACIA IGEA,"Corso BUTERA, 161",38.0795715,13.5069188
PARAFARMACIA IGEA,VIA PAPA GIOVANNI XXIII n°167,38.07868195,13.51779403
Integra srl,"via Papa Giovanni XXIII, 17-19-21",38.07868195,13.51779403
Farmapoint di Gaetano Gargano,"Via Tibullo, 32-34",38.07619955,13.49707364
Parafarmacia dott. Ieni,"Via Aldo Moro, 29/b",38.073254,15.09916
PARAFARMACIA RABBONE S.R.L.S.,"Via Aluntina, 22-24",38.072505,14.698969
Parafarmacia Sberna,Via S.Giuseppe,38.06853406,14.63322686
Parafarmacia Dott.ssa Merlino Adriana,via Medici n.409,38.067859,14.632672
Robilotta Barbara,"Via Cosenz, 65",38.067859,14.632672
PARAFARMACIA LIOTTA S.N.C. D.SSE CLELIA E LIDIA LO BALBO,"Via Generale Di Giorgio, 56",38.0573231,14.5902612
CONAD SUPERSTORE,viale dei platani n. 87,38.0569719,13.1126483
PARAFARMACIA GUAGLIARDO SAS,"Via Lungarini, 16/18",38.054288,13.530653
CENTRO ORTOPEDICO SANITARIO FERRO E C. SAS,"Via PAOLINO GESUGRANDE, 1",38.0510799,13.0069544
CONAD PARAFARMACIA,"Contrada dommartino, snc",38.047048,13.143542
M.D.M di Miccichè Maria Daniela,"VIa j.kennedy , 87",38.04565,13.394647
PARAFARMACIA DOTT.SSA LA BARBERA SERENA MARIA,"Via CAVORU, 24",38.044043,13.2987295
rao farmaceutici srl,"Via salerno, 1",38.0432539,13.1238277
FARMAPOINT di Salvatore Scianna,Via LORETO 46/A,38.03964962,13.54861694
PARAFARMACIA RIZZO,VIA CAMPIDOGLIO N.40,38.03744438,14.64010999
PArafarmacia Dr. Zichichi Ugo,"Via Guglielmo Marconi, 499",38.0374278,12.5869952
Pharmacenter di Albano Alfonso,Via L. Filippo Labiso 2,38.0370565,14.0216939
Parafarmacia Cefalù dott.ri Leanza e Longo,"Via Gramsci, 25",38.0362171,14.0240015
Parafarmacia Vizzini,"Via Archimede, 23",38.03596531,14.01855988
parafarmacia fontana,via archi 39,38.02515835,12.5335475
MULTIPHARMA S.R.L.,LUNGOMARE DANTE ALIGHIERI S.N.C.,38.0240885,12.522658
BOCCHIARO MARIA GRAZIA,Corso Vittorio Emanuele n.617,38.0231633,13.4457824
laltrafarmacia,via g.b.fardella386,38.0202591,12.530445
Scarcella Tiziana,"Via Conte Agostino Pepoli, 36",38.0200133,12.5359302
FARMAS SNC di Licari Giuseppina,Via Mazara 228/A,38.01772175,12.5355582
BI-EMME SRL,VIA AMM.STAITI N. 101,38.0176177,12.537202
Parafarmacia del viale del Dott. Roberto Zichichi,Viale Regione Siciliana n43,38.0172776,12.5386611
superstore libica,"Via libica, lotto 45",38.0160543,12.5437475
LA PARAFARMACIA  SNC DI GAMBINA MARIANNA & C.,"VIA ALESSANDRO MANZONI, N.40/42",38.0119388,12.61419424
D'ANNA FRANCESCA,"Via CRISTOFORO COLOMBO, 09",38.006451,13.633552
FARMAPOINT DI Salvatore Scianna,Contrada Piana Romana SN,37.9977026,13.9445265
Raspante Dorotea,"C.so La Masa, 80",37.99433236,13.6569001
Salupharma sas di Turturici Ignazio,corso La Masa 36,37.99433236,13.6569001
Farmapoint di Salvatore Scianna,"Contrada solfarelli, snc",37.99355178,13.8813906
CURRERIFARMAPIU' DI CURRERI GIOVANNA & C. S.N.C.,VIA PIERSANTI MATTARELLA 13,37.9926991,13.6589799
Parafarmacia di E.Messina e dott A.Polizzotto srl,Piazzetta I Maggio,37.98796703,13.87412355
Parafarmacia di Emanuele Maria Grazia,Piazza Trento e Trieste,37.98466574,14.24074935
Muscolino Vincenza,"Via Umberto I, 681",37.9816906,15.4000101
Il Farmacista del dott. Salvatore Rosselli,via Regina Margherita 26,37.98045158,12.55926757
Amica Natura,"Via Umberto I, 143",37.9753902,15.394829
Amica Natura,"Via Umberto I, 416",37.974942,15.3933745
Parafarmacia,"Via Pietro Maria Rocca,1",37.96384984,12.97409835
PARAFARMACIA LA MANNO,Contrada BASSETTO,37.962147,13.176143
parafarmacia-erboristeria dott.ssa baratta rita,v.vittorio amedeo 9,37.95990094,13.7408497
Parafarmacia Dott.ssa Frazzitta Antonina,"v. Drago di Ferro,33",37.95745639,12.58704204
lafalce rossella,via f.crispi515,37.95709051,15.34563788
Parafarmacia Erboristeria Salute e...,Via Francesco Crispi 253,37.95709051,15.34563788
FEDERALFARM SRL (PARAFARMACIA),"VIA JOHN KENNEDY, 8",37.9537252,13.4136438
RAINERI ROSA,"VIA JOHN KENNEDY, 8",37.9537252,13.4136438
PARAFARMACIA DR.PIETRO FERRANTELLI,"Via FALCONE E BORSELLINO, 26",37.95174415,13.41631076
PARAFARMACIA LUCCHESI ELENA,"Via REGINA MARGHERITA, 129",37.9469364,15.3688548
centro farmaceutico veterinario,"via liccio, 34",37.93375,13.664638
GUARDI' GIUSEPPA,VIA CEFALU' N.116/118,37.93218799,14.09570716
erboristeria sas,via garibaldi 17,37.93040009,12.32785633
parafarmacia farma store,via abruzzo 45,37.927774,14.0896241
FARMA HERBE PARAFARMACIA DOTT.SSA FERRARO PIERA,VIA ROMA N.44,37.92511241,13.178106
PARAFARMACIA VALLE,"Via VITTORIO EMANUELE, 81",37.9055978,13.4831714
Parafarmacia Dott. Paolo Giordano,Via Libertà s.n.c.,37.90318433,14.36815817
PARAFARMACIA DEL CORSO S.R.L.,Via VITTORIO EMANUELE 3,37.90186,15.137485
l'erboristeria,via Vittorio Alfieri 32,37.89898605,13.08666938
PARAFARMACIA D.ssa FAZZARI Romina,"Corso Vittorio Emanuele, 277",37.89089688,15.30794138
La nuova parafarmacia di garofalo bruno & C. s.a.s,"via Garufi,20",37.89089688,15.30794138
PARAFARMACIA DOTT.SSA CATENA RAGUSA,"Via VITTORIO EMANUELE, 226",37.8807063,15.3068989
Parafarmacia Saraniti,via vittorio veneto 59,37.876058,14.949681
PARAFARMACIA LA ROSA MARIAGRAZIA,VIA CARLO ALBERTO DALLA CHIESA N.41,37.876058,14.949681
Parafarmacia Veterinaria di Lo Presti Riccardo,"Via del santuario, 16",37.876058,14.949681
d'agostino maurizio,via umberto 135,37.86955497,15.03712923
PARAFARMACIA DEL DOTT.LEANZA UGO,VIALE REGINA ELENA N 43,37.8692062,14.6638216
parafarmacia alcantara,"Piazza vittorio emanuele, 4",37.8601276,15.2216843
TAOFARMA S.R.L.,"Viale San Pancrazio, 12",37.854829,15.2889409
IGEA FARMA s.r.l.,"Via Luigi Pirandello, 25",37.8545321,15.2895349
FARMACIA DELL'INDIPENDENZA DOTT. PALERMO ANTONINO & C. SNC,via timeo 23,37.85414976,15.28822572
Parafarmacia Dott.ssa Giulia Pedone,"Via Del Ginnasio,24",37.8517126,15.2892904
Parafarmacia Porta Catania,Via Crocifisso,37.85108765,15.28123385
ADELPHI SNC DI STEFANIA E MARIA CHIARA REQUIREZ,"Contrada BOSCO, 465",37.8487085,12.5024395
l'angolo della salute parafarmacia-erboristeria,"Via Via Roma, 134",37.8417378,15.1428023
La Tua Parafarmacia di Ylenia Maria Amordeluso,"Via Umberto I, 162",37.8402138,15.2765877
Parafarmacia San'Antonio,"Via Umberto, 62",37.8286922,14.8660035
Parafarmacia,"Via Francavilla, 65",37.8283985,15.2542468
PARAFARMACIA FICHERA,"Via Casarsa, 42/B",37.8269069,15.2676652
Parafarmacia Naxion,"Via casarsa, 42",37.8269069,15.2676652
PHARMA NAXOS SRLS,"Via CASARSA, 42",37.8268839,15.2677334
PARAFARMACIA LOIACONO DOTT.SSA PIERA,"Via SAN LEONARDO, 46",37.8262978,12.8053958
parafarmacia rosselli,"Via diaz, 44/46",37.8261716,13.5705866
parafarmacia schisò,"Via zara, 15",37.8257134,15.2678337
Zerbo Antonino,Via Umberto 54,37.82532156,14.86691909
PARAFARMACIA NAXOS SRL,"Via Naxos, 245",37.8252604,15.2692879
PARAFARMACIA IGEA,"Via CHIANCHITTA, 106",37.8246946,15.2559417
MV Srl,via Casarsa n.42/b,37.8241584,15.26243823
ERBORISTERIA NATUR,VIA UMBERTOI261GIARDINI NAXOS (ME),37.8241584,15.26243823
MV S.r.l.,Jannuzzo,37.8241584,15.26243823
Parafarmacia San Leoanrdo,"via Dante Alighieri, 2",37.823142,12.805637
parafarmaciacrapiosrl,"Via Venezia, 1",37.8203872,15.2514288
parafarmacia recanati,"Via jannuzzo, 37",37.8177714,15.2664407
PARAFARMACIA FICHERA,"Via Jannuzzo, 37/B",37.8177577,15.2664303
Parafarmacia Recanati,"Via jannuzzo, 37",37.8177577,15.2664303
etnafarma srl,corso vittorio emanuele II 111,37.8091538,15.1764398
NUOVA PARAFARMACIA DELLA D.SSA SETTENERI MARIA,"Via NUOVA DEL CONVENTO, 65",37.8068461,15.1790849
NUOVAFARMACIA del dr. ALBERTO MORSELLO,"Via Trapani, 19",37.80516045,12.4474176
parafarmacia pedemontana,via nuova del convento 18,37.80137412,15.13959784
PARAFARMACIA DOTT. GIUSEPPE RUSSO,"Via Nuova del Convento, 18",37.80137412,15.13959784
PARAFARMACIA DOTT.SSA VITA RITA ANGILERI,---- C.DA CUORE DI GESU' 656,37.798045,12.4370156
FARMAS SNC,CONTRADA BERBARO SNC,37.798045,12.4370156
MADONIE VETERINARIA SRL,"Via NAZIONALE,246",37.7959979,14.2036497
FARMA CENTER FARMACISTA DEL DOTT. ANDREA SALVO,"CORSO CALATAFIMI,14",37.79326616,12.44503935
FARMAFIDA SRL,VIA MARINA 7/A,37.7922563,15.2113603
Sudfarmaco,v. N. Bixio 54,37.792038,12.45036
Bancofarmacia Dott.ssa Lazzaro Ida,"pzz. Cadorna, 10",37.790658,14.83094
D.F.D. FARMACEUTICA S.R.L.,Via MARTIRI DI VIA FANI N.32,37.7897624,14.8308093
Parafarmacia del Dott. Ciraldo Emanuele,"Viale Della Regione, 4/H",37.789456,14.83418
parafarmacia laurus,"Via san silvestro, 1",37.78585655,14.5951772
Parafarmacia,"Via Francesco Crispi, 5-7",37.779948,13.713856
Esercizio Farmaceutico Del Dott. Gullotta Davide,Piazza Duomo 18/19,37.76653982,15.16686771
Parafarmacia del Mare,"Via Spiaggia , 115",37.76653982,15.16686771
billone salvatore,"piazza san francesco,24",37.75966862,14.36717728
Mondo di alice,"Via siculo orientale, 125",37.7544839,15.1952135
PARAFARMACIA NAZIONALE Della Dott.ssa Francesca Parrino,"Via P. Vincenzo Tirendi, 2A",37.7485154,15.192988
Parafarmacia Dott.ssa Minnuto,"Via Garibaldi, 122",37.747448,13.827859
Banco Farmaceutico S.r.l,Via A.Gramsci N 18,37.734848,15.2033353
Ludo farma parafarmacia,c.da rovettazzo,37.732124,15.2054271
Salute e Benessere di Russo Daniela,"via Pasquale Almerigo, 3",37.730557,15.200888
PARAFARMACIA,"Corso MESSINA, 11",37.7304678,15.1886531
PARAFARMACIA BIOGALENICA DELLA DOTT.SSA MARIAGRAZIA BELFIORE,"Via DON TOMMASO LEONARDI, 29",37.729115,15.187812
Laboratorio Erboristico Dott. Parla roberta,"Via Vittorio Emanuele, 70",37.72689924,12.89132459
C.O.S. di Grasso Salvatore,"via Maccarrone, 11/c",37.72524465,15.19452665
BENESSERE E SALUTE S.r.L. S.,"Via Via Massimo D'Azeglio, 62",37.7244887,15.1887049
ALESAR snc di Russo R. & Greco A.,Corso Lombardia 57,37.7238698,15.1905245
Omnifarma srl,"Via Luigi Orlando, 148/150",37.721046,15.1777518
DIFARMA SRL,Via GIOVANNI VERGA S.N.C.,37.711952,14.536774
BIELLE SUPERMERCATI S.R.L.,Contrada TRIGLIA SCALETTA,37.7114955,12.4899602
BIELLE SUPERMERCATI S.R.L.,Contrada TRIGLIA SCALETTA,37.7114955,12.4899602
PHARMASALUTE S.R.L.,VIALE FRANCESCO DE VITA N.89/91,37.70990917,12.52512399
farmavet del dott.Maniscalco ANTONINO,VIA FRANK CAPRA,37.700573,13.2583412
Parafarmacia Naturfarma del dott. A. Barone,"via Pietro Luna, 157",37.6842293,12.7887028
Pollina Anna,"Via XX SETTEMBRE ANGOLO VIA CARACCI, 68",37.683399,12.7861345
conad superstore,"Stradastatale 115, km 74S100",37.682639,12.791639
PARAFARMACIA SAN PIO,"Via NAZIONALE, 2",37.682047,13.83156
BELICITTA'  Centro Commerciale,"Via Martiri Caduti di Nassirya, C.da strasatto,Svinc.A/29",37.6778705,12.7915383
FARMAHOMEOS di Allegra Maria Concetta,Via Domenico Scinà n. 90/2,37.6778705,12.7915383
farmaconf,piazza san orsola 10,37.67054648,14.90057908
profarma srl,"via vittorio emanuele,432",37.66702897,14.8369544
farmavet,Via caduti di nassirya,37.6661963,12.8139293
NGS Parafarmacia,Via Felicetto n° 2,37.6654024,15.1395225
Etna Parafarmacia S.r.l.,via Madonna delle Grazie n.38,37.66350537,14.83461032
CONAD SUPERSTORE,via giovanni bessarione n. 196,37.6624662,12.570615
Parafarmacia Dott. Piergiorgio Milazzo,Via Cappuccini ;163,37.6610287,14.83703965
NUOVA PARAFARMACIA TOSCANO SRLS,"Via BRUNO BUOZZI, 09",37.6607436,14.8336919
parafarmacia dr.ssa Giacalone Maria Concetta,via Val di Mazara .65,37.6498122,12.6096979
Parafarmacia Tavormina,Lungomare Giacomo Hopps,37.6478305,12.5953995
PARAFARMACIA BIANCAVILLA,Contrada CIANCIANELLA,37.6463083,14.8616616
Parafarmacia T.M. s.n.c.,C.so Umberto 363,37.64475594,14.36552629
PARAFARMACIA-M.A.S. del Dr. Runfola G. e Figli snc,C.so Umberto 562,37.6417645,14.3982843
Il Melograno di Maria Neri,"Via Vittorio Emanuele, 110",37.6409237,14.8712191
Parafarmacia e Farmacia Veterinaria IGEA della Dott.ssa Quagliano Graziana,"Corso Umberti I, 270",37.6399473,14.3938981
PARAFARMACIA DEL CORSO DI G&S S.R.L.,"Corso UMBERTO, 244",37.639286,14.392333
Parafarmacia della Dottoressa Ruscica Rosy,via Fallica 52,37.63844274,14.87086733
SANITARIA DEL CORSO,"Corso UMBERTO, 35",37.6356019,14.3895922
Di raimondo Rosalba,Corso Italia n50,37.63441983,15.16067303
Ipersalute srl,Via S. Vigo n 159,37.63441983,15.16067303
AREAFARMA DI TRINACRIA PHARMA SERVIZI SRL,VIA MADONNA DELLE GRAZIE SN,37.63441983,15.16067303
CORNER PARAFARMACIA c/o IPER SIMPLY,VIA MADONNA DELLE GRAZIE SN,37.63441983,15.16067303
multifarma professional srl,via sciarelle 67-67/A,37.63441983,15.16067303
AMARI FARMA S.R.L.S.,"Via IV APRILE, 23-25",37.6325913,12.7500058
PARAFARMACIA SANTA BARBARA,"Piazza SANTA BARBARA, 5",37.6303404,14.9392288
Parafarmacia Farmastella,"Via Santa Maria la Stella, 2",37.6259136,15.1317659
NICOLOSI SALVATRICE,VIA MAZZINI 52,37.62478541,14.89727729
PARAFARMACIA RUSSO DOTT.AUGUSTO,VIA SPIRITO SANTO N.77,37.62426309,15.11751958
Hobbyzoo,"Via Lazzaretto, 24",37.6241071,15.1495096
PARAFARMACIA CASA DELLA SALUTE,"VIA RENATO IMBRIANI,255",37.62288929,15.07848
Vivisalute Lazzaretto,"Via Lazzaretto, 32",37.6221378,15.151215
MARESCALCO CHIARA,C.SO SAVOIA 3,37.62127527,15.16259875
Parafarmacia Savoia,Corso Savoia 239/c,37.62127527,15.16259875
FARMAMIA,"Piazza Don Diego, 41",37.619296,15.06057
PARAFARMACIA PIU' SALUTE,"Corso ITALIA, 131",37.619202,15.15975
PARAFARMACIA DELLA DOTT.SSA G. MAIOLINO,PIAZZA DON DIEGO 41,37.61890762,15.06083241
rosario santoro,"Via Guglielmo Marconi, 105",37.617889,15.0643828
parafarmacia dott.ssa lena antonella,"via gramsci,7/9",37.61734017,13.64934337
DFD ZOOTECNIA e VETERINARIA,VIA SACRAMENTO 93,37.61734017,13.64934337
Parafarmacia PARA&FARMACO,Via ludovico Ariosto 30,37.61714779,15.15389822
parafarmacia dottoressa giada bua,"via Etnea, 36",37.616786,15.0245926
PARAFARMACIA DOTT.SSA CHIARA GULLO,Via Giuseppe Verdi 6,37.6167773,15.0737097
PARAFARMACIA BIOPHARMA,"CORSO UMBERTO I,48",37.61651682,15.16677196
NATURGLAIA,Via ROMA 63,37.61527015,15.0809919
PARAFARMACIA DOTT.SSA F.GIORDANO,"Via Principe Umberto, 125",37.61511357,15.07937214
PARAFARMACIA URSO,"Via VITTORIO EMANUELE, 203/A",37.6148461,14.8903782
FARMEDI S.R.L.,"Corso SAVOIA, 28",37.6143924,15.1654389
SANITARFARM S.N.C DEI F.LLI RONSISVALLE C.&S.,"VIA VITTORIO EMANUELE, 1",37.61378635,14.89472103
LA PARAFARMACIA DOTT.SSA NADIA PITTALA',Via VITTORIO EMANUELE 235,37.61378635,14.89472103
Parafarmacia per essere in benessere,Via Vittorio emanuele 42,37.61378635,14.89472103
Nicoloso Domenica,via G. Garibaldi n.121,37.613612,15.023007
PARAFARMACIA CASA DELLA SALUTE SRL,VIA ETNEA 353,37.61329663,15.02667227
Parafarmacia Pharmakon della Dott.ssa Giovanna Russo,"Via Vittorio Emanuele II, 211",37.6130513,15.1653154
Futur Pharma Srl s,"Via Leonardo Da Vinci, 77",37.6127773,15.1658804
PARAFARMACIA  Dr  FICANI,via Leonardo Cacioppo n°56/58,37.61215302,12.96586907
PARAFARMACIA NUTRIPARAVET DELL DOTT. GIULIO SCIOTTO,"Viale DELLA REGIONE, 47",37.6083531,15.0960303
Parafarmacia Via Vigo della Dott. Camilla Bottino,Via Salvatore Vigo 94/98,37.60676477,15.1619158
Inserra Anna Lisa,"ViaVittorio Emanuele, 80",37.606134,15.129016
esercizio farmaceutico pharmanaturae,"via vittorio emanuele,64",37.6039739,15.1423013
Parafarmacia via Mandorle di Tabuso Carmen,"Via Mandorle, 45",37.6036297,15.1625179
Sma-Gravina,V.Gramsci 53 A,37.60272478,15.07551896
parafarmacia & spa,c/o sicilia fashion village,37.6021502,14.54684898
parafarmacia viale liberta',viale liberta' 174,37.60132149,15.13963062
Parafarmacia Dott. Francesco Grasso,Via Marchesana 50,37.5996057,15.131306
parafarmacia dott.ssa Treccarichi Elisa,via Madonna delle Grazie 1,37.59606257,15.17072946
SICIL PHARMA S.R.L.,"Via FIUME, 127",37.595968,14.980322
Parafarmacia San Filippo di Fichera Giuseppa,"Piano San Filippo, 17",37.5879616,15.1411717
Parafarmacia Dr. Bertuccio Giuseppe,Corso S. Vito 57/int 67,37.58707398,15.03981319
PARAFARMACIA PORTALI FARMISSIMA,"Viale Cristoforo Colombo c/o Parco Commerciale ""Portali""",37.5836804,15.1048674
Vivisalute Capomulini,"Via Nazionale per Catania, 183",37.5826262,15.1700312
PARAFARMACIA SANT'ANTONIO ABATE,Via III^ TRAVERSA 88,37.581302,14.977918
Centro Commerciale le Zagare,C.da Bottazzi,37.5782757,15.0947724
"Orchidea Farma ""Le Zagare""","Contrada BOTTAZZI, SNC",37.5782757,15.0947724
PARAFARMACIA DOTT.SSA CUCUZZA MARIA FLOREANA,PIAZZA LUCIA MANGANO,37.57741815,15.09451972
Parafarmacia,Via della Regione n.329,37.57712192,15.09267251
PARAFARMACIA VEGA S.R.L.,"Via Piemonte, snc",37.57613658,12.90605989
PARAFARMACIA DOTT.SSA CUCUZZA MARIA FLOREANA,CORSO SAN VITO,37.57470269,15.05724706
PHARBENE S.R.L.,"Corso RAFFAELLO, 17",37.5746097,15.0547125
PARAFARMACIA,"Via MONTI SICANI 3,5,7",37.57444225,15.07341013
PARAFARMACIA DOTT.SSA CUCUZZA MARIA FLOREANA,"VIA ETNA, 182",37.57444225,15.07341013
Farma etnea S.r.l.,Via L. Capuana 22,37.57444225,15.07341013
parafarmacia natura & pharma,"via Vittorio Emanuele Orlando,34",37.57396775,15.10012194
parafarmacia di dott.essa Adamo Corradina,"Via Santi Bonaccorsi, 36/37",37.57396518,15.14020649
Parafarmacia Starbene,Viale dei PLatani n°111,37.57352675,14.9123258
Bancofarmacia,Via Marconi s/n,37.5734718,15.0645075
Bellezza in Salute S.r.l.s.,"Via Della Regione, 56",37.5730862,15.08709813
Parafarmacia Akos,Via Emanuele Bellia n° 193/195,37.5723461,14.9048373
Parafarmacia Europa,"Strada Carcara, 52/A",37.5723454,15.1120526
Farmacg,Via F.Petrarca 77,37.570952,14.902683
SICIL PHARMA S.R.L.,"Viaaccorciatoia VITTORIO EMANUELE III, 46/48",37.570952,14.902683
LIVI FARM di Vitellino Maria elisa Carla,"Via EMANUELE BELLIA, 271/A",37.5706513,14.8982886
PARAFARMACIA RAVANUSA Sas,"Via DEGLI ULIVI, 3/O",37.5702098,15.0824792
Parafarmacia Dell'Immacolata,"Via Umberto, 183",37.5700497,15.1145008
PARAFARMACIA DELLA D.SSA PULVIRENTI FRANCESCA,VIA BELLINI 18,37.56680963,15.02247251
KARMA PARAFARMACIA,"Via Della Provincia, 5",37.565467,14.268732
PARAFARMACIA DAC,"Via CARLO ALBERTO DALLA CHIESA, 7",37.5630284,14.6889621
PARAFARMACIA,"Viale Mario Rapisardi, 418",37.56234256,15.07200301
Plant Pharma,Via Etnea 473,37.56168402,15.05907861
PARAFARMACIA ACI TREZZA SRL SEMPLIFICATA,"Via PROVINCIALE, 72",37.561111,15.159768
VIVISALUTE,Via Balatelle 24/26 presso centro ccomm.le Le Balatelle,37.5599391,15.0792654
Parafarmacia della dott.ssa Lara Sanfilippo,via risorgimento 12,37.5598916,14.2764246
LEONARDI MARTINA,"Piazza Piazza Chiesa Madre, 26",37.5591227,15.0816005
Erb. La Verbena Dr. Gregorio Puglisi,"Via Umberto n.100,102",37.55795784,15.10894062
Realfarma di Orazio Reale & C.S.A.S,"Via Trieste,49/A III°Trav.",37.55617715,15.13931247
Parafarmacia I Portici Dott.ssa Gabriella Saitta,"Via Umberto, 30",37.5557049,15.0811764
KARMA SANITARIA,"Via ROSARIO LIVATINO, 54",37.5549226,14.2972419
PUNTOFARMA del Dott. Giovinazzo Domenico Corrado,"Via Vittorio Emanuele II, 169",37.55482101,15.062748
PARAFARMACIA DOTT.SSA CUCUZZA MARIA FLOREANA,"VIA VITTORIO EMANUELE, 162",37.55482101,15.062748
parafarmacia dott.ssa manuela trombetta,Via re martino 172,37.5547418,15.1462909
PARAFARMACIA DOTT.SSA COSTA MARIA CHIARA,VIA NAZARIO SAURO 5/A,37.5542111,15.14856
DE NATALE GIUSEPPA,VIA UMBERTO 103/A,37.55386175,15.08132036
NOVAFARMA S.R.L.S.,"Viale delle Olimpiadi, 81 E/F/G",37.55276194,14.29631482
Parafarmacia Katane,"Via Quasimodo, 1",37.5519973,15.0679632
"Orchidea Farma ""Katanè""","Via QUASIMODO, 1",37.5513166,15.0688914
Hobbyzoo,"Via Barriera del Bosco, 16/H-I-L-M",37.5459317,15.0799917
PARAFARMACIA ETNAPOLIS,#NOME?,37.5449539,14.95139957
ESSE TRE s.r.l.,"Via Verona, s.n.",37.54354442,13.10280935
PARAFARMACIA TIVOLI,"Piazza TIVOLI, 27",37.5405372,15.0998583
SMS VET S.R.L.,"Via Carrubella, 8",37.54027868,15.05930036
PAGANOFARMA SRL,"Via PASSO GRAVINA, 81/D",37.5358078,15.0738838
Hobbyzoo,"Via Messina, 623/627",37.5343727,15.1152449
parafarmacia,"Piazza duca di camastra, 4",37.5338009,15.020732
ASSFARMA,"VIA XXI APRILE, 3",37.53277515,14.85595885
farmarisparmio,via V. Emanuele,37.53277515,14.85595885
Parafarmacia Dr.ssa Di Gloria S.r.l.,"Via Messina, 749",37.5324876,15.11310321
Pillsfarmaci di Cettinagaia Gulizia,"Piazza Mancini Battaglia, 22",37.5309247,15.1117587
PARAFARMACIA DOTTORESSA RESTIVO GRAZIA LUCIA,"VIA VITTORIO EMANUELE ORLANDO, 6",37.52937302,13.62738864
PARAFARMACIA DOTT. ANNA MARIA SAMBATARO,VIA VITTORIO EMANUELE III N. 526,37.528824,14.93726404
UM.AN.CI.SA. SRL,SS 121 C/O CENTRO COMMERCIALE ETNAPOLIS,37.528824,14.93726404
T&B S.R.L.,Via De Caro 82,37.52850899,15.10808285
Parafarmacia Dott.ssa Rosalinda Giudice,Via Caronda 434 - 436,37.5266195,15.0828345
PILLOLE DI BELLEZZA SRL,"Viale VITTORIO VENETO, 190",37.5264304,15.0959759
Parafarmacia Bellezza in Salute,"Viale Vittorio Veneto, 190",37.52623757,15.0958029
HobbyZoo,"Viale Vittorio Veneto, 271",37.525174,15.0956854
st.s. s.r.l.,"Via vincenzo giuffrida, 184",37.524912,15.091126
Parafarmacia Vulcania,"Via Fimia, 44-46",37.5248549,15.0833299
Reformhaus di Losi Lia Maria Innocenza,"Via Quieta, 23/A",37.5231246,15.0846682
parafarmacia salmeri marina,"Via duca degli abruzzi, 54/a",37.5225347,15.1013006
PARAFARMACIA ETNEA DI LUCCA VERONICA,"Via ETNEA, 684",37.522204,15.0827891
RAO FARMACEUTICI SRL,"Viale RAFFAELLO SANZIO, 24",37.5220986,15.0914634
GIA.SVE.SRL,"Via ALDEBARAN, 22",37.521737,15.1106168
Farmasan di Pandolfo Fabio,via Filocomo 42,37.5217054,15.0813441
parafarmacia gala,"Via messina, 345",37.5205666,15.1061388
Parafarmacia Galimberti,"Via Duccio Galimberti, 21",37.520381,15.0046367
lunifarma,"Via M.R.Imbriani, 221",37.5202077,15.0881808
FARMATEK SRL,"Viale Viale Vittorio Veneto 64, 64",37.5199248,15.0968219
PARAFARMACIA 21 APRILE,"Via VICENZA, 67",37.5197925,15.0963258
Vivisalute C. Sicilia,"Contrada Cubba - Tenutella, sn",37.5191722,15.0079363
ARKIPHARM SRL,"VIA TRIPOLITANIA, 30",37.51903044,15.09356892
FARMAOFFICINA S.A.S.,"Corso delle province, 120",37.5188189,15.0923824
PARAFARMACIA SEBASTIANO CATANIA,Via SEBASTIANO CATANIA N312,37.51864259,15.05994491
PARAFARMACIA dott.ssa Recca G.,via vincenzo giuffrida 174c,37.51842722,15.09161359
Farmaofficina,"Via Gabriele D¿Annunzio, 216-218",37.5181209,15.0978334
PARAFARMACIA D'ANNUNZIO,"Largo PASCOLI, 3-4-5",37.5176792,15.0908029
NATURALIA DI ZANGARA MARIANGELA,"Via GABRIELE D'ANNUNZIO, 128",37.5176688,15.0940661
parafarmacia trieste,"Via trieste, 33",37.5174968,15.1009151
BioShop,"Via Milano, 94/B",37.5172033,15.0952801
L'angolo della Salute di E. Patti,V.Scannapieco 5,37.51705065,15.06057729
Parafarmacia Ai Portici,"Corso Italia, 310/312",37.5164563,15.1048788
ST.S. srl,"Corso delle Province, 168",37.5163912,15.0953255
Natura&Pharma,"Via Vittorio Emanuele Orlando, 28",37.51577,15.09317
PARAFARMACIA del CORSO di POULIOU DR.SSA KALLIOPI,"CORSO DELLE PROVINCE,62",37.51576832,15.09785625
farmarisparmio,corso delle province,37.51576832,15.09785625
parafarmacia,"Via verona,19",37.5154465,13.0753278
Parafarmacia Dott.ssa Coco Maria,Via Vecchia Ognina 86/88,37.51544191,15.10183535
PARAFARMACIA DOTT.SSA PAGANO ANTONINA,"Via FRANCESCO RISO, 58",37.515069,15.090235
Parafarmacia Dott.ssa Nociforo Veronica,Via G.Simili 3/a,37.514935,15.0963463
PARAPHARMACIE SRL,"Viale IONIO, 112",37.5141839,15.1020924
PARAFARMACIA LE SOURIRE,"Viale IONIO, 112",37.5141839,15.1020924
Parafarmacia Libertà,"Viale della Libertà, 172",37.5140189,15.0977889
Parafarmacia BeZone Srl - Società Benefit,"Via Crispi, 227/229",37.5125551,15.0938395
NANUK SRL,"Via UMBERTO, 217",37.512421,15.094449
dott.ssa Maria Concetta-Parafarmacia,"Via Piave, 61",37.5122425,13.712322
PARAFARMACIA GROTTE BIANCHE,"Via GROTTE BIANCHE, 44",37.5118772,15.0882953
' U SPIZIALI DI AIELLO GERMANA  C.SAS,"---- V.le della Regione,, 20",37.51180757,14.96582494
profarma srl,"via androne,60",37.5109969,15.0801959
PARAFARMACIA CASA DELLA SALUTE SRL,VIA CONTE DI TORINO 50,37.51062599,15.09621228
profarma srl,"via androne,73",37.5105983,15.0804197
PARAFARMACIA CASA DELLA SALUTE SRL.,VIA ALVISE CADAMOSTO 13/15,37.51018565,15.0628804
Parafarmacia dott.ssa Maria Carmela Savarino,via Cesare Battisti 24,37.5099511,13.5261673
PARAFARMACIA CUSMANO DR.SSA CARMELA SANTANGELO,"VIA SEGNI, 5",37.5089399,13.0660965
parafarmacia punto salute,via s giuseppe,37.50876938,14.67994134
Parafarmacia Piemonte,"Via S. Giuseppe, 21",37.50876938,14.67994134
Friscia Michela,via Rodolfo Morandi n°39,37.5085148,13.0816305
Parafarmacia Dott. Carmelo Triolo,v. Cataldo Amodei 4,37.5085148,13.0816305
PARAFARMACIA DELLA STAZIONE,PIAZZA GIOVANNI XXIII,37.50773813,15.09953714
NOVAFARMA,corso sicilia 16,37.50768063,15.08915156
PARAFARMACIA Dott. Alessandro Benedetto Ferlito,Via Ammiraglio Caracciolo 21,37.50762927,15.06751318
maria teresa montalbano,viale della vittoria 315,37.50689,13.08846541
GEVICA FARM SRL,"VIALE DELLA VITTORIA, 273",37.50689,13.08846541
PARAFARMACIA CATALANO,VIA GHEZZI 27,37.5065172,13.1084935
Ignazio Picone s.r.l.,"Via Lido, 36/38",37.50500893,13.05882406
Centro Commerciale Porte di Catania,S.S. del Gelso Bianco Km.84+500 Contrada Bicocca,37.5037449,15.0861293
BioCelia,Via M. R. Imbriani 181/D,37.5028972,15.0870338
Officina del Benessere,Via Via Filippo Paladini 224/228,37.4998585,14.06380755
PARAFARMACIA DON BOSCO SRL,VIA DON BOSCO 116-118,37.49947519,13.92700114
Benessere snc,corso Vittorio Emanuele 188,37.49947519,13.92700114
Farmachl San Cataldo,"Via Vittorio Veneto, 20",37.49947519,13.92700114
Parafarmacia Trieste,"Viale Trieste, 131/I-L-M",37.4945466,14.0535585
Parafarmacia Buona Salute,via Garibaldi,37.49371948,14.53394414
Farmacity s.r.l.,"Via Malta, 57/59",37.4922534,14.0449314
Parafarmacia dott.ssa Simona Valenza,"Via Amico Valenti, 38",37.4898289,14.0632916
Parafarmacia Sant'Andrea,"Via SAN GAETANO, 72",37.488445,13.993065
PARAFARMACIA,Via ERNESTO VASSALLO,37.4799356,14.0560181
Parafarmacia San Luca del dott. Armando Anzalone,"Viale Stefano Candura, 18/M",37.4781269,14.0531683
NATURAL PHARMA della dott.ssa Laura Motta,"via Ten. Platania, 100",37.47575611,14.97389962
Paramed del.dott.VincenzoAntonioAgatinoPappalardo,via Bruno Buozzi 62,37.47575611,14.97389962
CARUSO MARIA SANTINA,VIA GIACOMO MATTEOTTI N. 320,37.47575611,14.97389962
farmatua srl,via giuseppe garibaldi 19,37.47575611,14.97389962
PARAFARMACIA DOTT.SSA SIMONA VALENZA,VIA AMICO VALENTI 36,37.4441251,13.95751097
Parafarmacia Dr.ssa Salmeri Marina,Via Firenze n°201-205,37.44220831,15.03582932
CORNER AREAFARMA CITYPER OGNINA,VIA CARUSO/ VIA ACICASTELLO ANGOLO VIA TESEO,37.44220831,15.03582932
MATTIA LILIANA IRENE,VIA ETNEA N. 507,37.44220831,15.03582932
Bruno Umberto Maria,Via G. Leopardi 110,37.44220831,15.03582932
PAGANOFARMA SRL,VIA POLA N.11/A,37.44220831,15.03582932
Parafarmacia Galermo & C snc,v.le A. De Gasperi. 173/a,37.44220831,15.03582932
PARAFARMACIA CONAD,Via GELSO BIANCO,37.44220831,15.03582932
parafarmacia Orto Botanico del dott. Franco Faro,via A. Longo 20,37.44220831,15.03582932
FARMA ROSA di Giuseppe Bertuccio,"Via Nuovalucello 154/c, 154/c",37.44220831,15.03582932
noitutti s.r.l.,Caruso/via Acicastello ang.Via Teseo presso Ipersimply,37.44220831,15.03582932
SALUTE E BENESSERE S.R.L.,"Via Salvatore La Rosa, 172/a",37.42045538,13.61218134
OFFICINA ORTOPEDICA BELLOMO,VIA PORTA AGRIGENTO,37.40228413,13.52938386
PARAFARMACIA SICURELLO DEL DOTT. SICURELLO SALVATORE,"Via Porta Agrigento, 110",37.39892839,13.53240719
PARAFARMACIA SAN PIO,"Via G. D'ANNUNZIO, 48",37.392702,14.372145
DOTT.SSA PIAZZA SANTA,VIA ROMANO N° 42,37.379144,14.201071
ESERCIZIO FARMACEUTICO,c.so Garibaldi 420,37.37731576,14.20209153
PARAFARMACIA SAN PIO DI G.S.A.,"Via MACHIAVELLI, 72-74-76",37.3770414,14.36839
Parafarmacia Paternò,"Viale Signore Ritrovato,41",37.376372,14.206672
Parafarmacia Mattina,"Via Fratelli Vasapolli, 235",37.3756113,14.2020408
paraFARMACIA,"VIA TEN. COL. LA CARRUBBA,12",37.37175426,13.83777524
desan s.r.l.,via De Gasperi,37.37175426,13.83777524
'EUROSPAR' GRUPPO 6 GDO SRL,"VIA SEN. SAMMARTINO,39",37.37175426,13.83777524
FARMASAN SRL,VIA NOLA 1,37.358942,13.850364
GIUSEPPINA INSALACO PARAFARMACIE DOT,"Viale dell Vittoria, 14-16",37.3585482,13.8508625
MOSCATO EUGENIA,"Via ARMANDO DIAZ, 2",37.3330786,14.7416668
farmarisparmio,via garibaldi,37.3317692,14.9169155
farmarisparmio,via palermo,37.3316569,14.7435916
PARAFARMACIA DR. DI MARIA DI EUGENIO ANGELO DI MARA,"Via Vittorio Emanuele, 176-178",37.328401,14.747528
Parafarmacia Sant'Antonio,via Taormina 1,37.3283387,14.7446068
parafarmacia zaffonte.c,"Via Garibaldi, 288",37.32249502,14.74433002
'EUROSPAR' GRUPPO 6 GDO SRL,"VIALE CANNATELLO, PAL/ALLETTO",37.32219769,13.56610079
TEKNO PHILIAS SNC DI TERRANA CLAUDIO E C.,"VIA REGIONE SICILIANA, 5",37.32219769,13.56610079
CONAD SUPERSTORE,VIA FOSSE ARDEATINE SNC,37.32219769,13.56610079
parafarmacia croce verde,via roma 42,37.31935111,14.46155846
PARAFARMACIA DOTT. ALONGE RICCARDO,"VIA IMERA ,139",37.31836711,13.58051763
Parafarmacia Dott. Gucciardino,Via Piersanti Mattarella 128,37.31834487,13.67252476
la bottega della salute di ma.vi.si,via vittorio emanuele 23,37.31834487,13.67252476
SAN FRANCESCO DI VALENTI MARCO E VINCENZO SNC,"VIA CAPITANO CALLEA, 110",37.3177079,13.6625635
PARAFARMACIA CITTA' DEI TEMPLI DOTT. ALONGE,"VIA FOSSE ARDEATINE, VILLA SETA",37.3110897,13.5765475
Parafarmacia BenessereBellessere dr Paolo Minacori,Via Atenea 91,37.31095839,13.58128479
Cosmos del Dr. A. Severino,"ss115-Variante Nord-Complesso Marina, 4/C",37.31044113,13.50704362
TEKNO PHILIAS SNC DI TERRANA CLAUDIO E C.,"Via Gancini,76",37.31044113,13.50704362
medicalvet s.r.l.,via manzoni 132,37.3067932,13.58394302
"Orchidea Farma ""Lentini""","Via Etnea angolo Viale Kennedy, snc",37.30004693,15.00157277
farmapiu',ipersimply via etnea ang. via degli esportatori,37.2998767,14.9995246
farmarisparmio,via garibaldi,37.2975689,14.8393735
PHARMASAN SNC DI CASTRO MARIA E GUERCIO SIMONE,"Via GRAMSCI, 45",37.296498,15.007678
Parafarmacia della dott.ssa Castrogiovanni,via Gramsci 21,37.29649421,15.00776794
PARAFARMACIA DI SAN GIUSEPPE,"Via PRINCIPE DI PIEMONTE, 29",37.295836,14.8440359
erboristeria parafarmacia,via Garibaldi n 30,37.2944046,14.8424031
Farmashop Dr.Balbo,via Giusti 47,37.2912524,14.3665216
ParaFarmacia Vittorio Emanuele III,"Via Vitt.EmanueleIII,n°27",37.2901741,14.9990686
STEFELI S.R.L.,"VIA MATTEOTTI, 2/D",37.2900979,14.8413689
"""IL NIDO"" DI NIPITELLA ELIANA",VIA SOLFERINO 10,37.28847214,14.9995013
PARAFARMACIA DOTT. DI MARI ANTONINO,"Via FEDERICO DI SVEVIA, 28",37.285448,14.999589
PARAFARMACIA BENESSERE E SALUTE S.R.L.,"Via GIOVANNI VERGA, 15",37.2765169,14.7934004
Parafarmacia Dott.Antonio Pirrera,"Contrada marcellino, sn",37.2760087,15.0148603
Maria Stella Spasari,Viale Italia 90,37.27198315,15.12673274
PHARMASAN DI ANTONELLA MESSINA,"VIA GRAMSCI, 49",37.269548,15.012589
VETERFARMACI DI MANGIONE IOLANDA,"Viale VIAREGGIO, 20",37.2658435,13.5815913
bazan renato & figli s.n.c.,viale cannatello 105,37.2617119,13.6237627
BABYSAN DELLA DOTT.SSA GRUTTADAURIA GLORIA,Via FRATELLI ROSSELLI,37.2588435,13.917697
Parafarmacia Federico II della Dott.ssa Spasari Maria Stella,"Viale Epicarmo Corbino, 41",37.257412,15.227042
PARAFARMACIA CITRUS,"Via CITRUS, 14-16",37.243194,15.22052
parafarmacia dott.ssa giardina,"via vittorio emanuele,1",37.23679736,13.91855522
FARMA SANT'ANNA,Viale Principe Umberto 52,37.22928814,14.52588506
PharmeSi,"Via Madonna della via, 53/57",37.22699,14.522932
Parafarmacia Erboristeria l'angolo della natura,via Comm. Belfiore n. 120,37.2260514,14.8786187
PARAFARMACIA MODERNA,"Viale Mario Milazzo, 116",37.2233767,14.5235588
covital s.r.l.s,"Via a.manzoni, 63",37.222793,14.523348
Farmakosan,Via Madonna della Via 165,37.22007901,14.52725965
Parafarmacia EUROPA,Viale Europa 4/A,37.21871015,14.52551475
Parafarmacia Dott.ssa Josephine Scandura,"Viale Europa, 2B",37.216993,14.5190595
Ditta individuale,"Corso Vittorio Emanuele, 180",37.2152996,14.6360561
PARAFARMACIA DOTT.SSA MIRIAM CRISTOFARO,C.SO VITTORIO EMANUELE 86,37.2118636,14.6391086
Parafarmacia Dott.ssa Miriam Cristofaro,"Corso Vittorio Emanuele, 81",37.2114846,14.6393072
PARAFARMACIA CONAD,#NOME?,37.21094156,15.09948545
Parafarmacia della Dott.ssa Valvo Erika,Via San Giovanni 23,37.21094156,15.09948545
FARMAPOINT,viale Pricipe Umberto 52,37.19096831,14.51189636
Parafarmacia dell'Ospedale,Via S. maria di Gesù 20,37.19096831,14.51189636
Farmakosan,Via Fontanelle 5-7,37.19096831,14.51189636
"Parafarmacia, Dott. Falsone Lillo","Via Pirandello, 52",37.18207632,13.76602252
Parafarmacia Dr. Valvo,"Viale Mario Giardino, 24",37.1639546,15.0373173
Saretta Alberti,"via Giuseppe Fava, 16",37.16190435,14.7648681
parafarmacia torre,"rettifilo garibaldi, 235",37.15445221,13.91888255
parafarmacia Cellura,Via Palma 171,37.15445221,13.91888255
Bonvissuto Nunziata,"via Campobello,6",37.15445221,13.91888255
BIONATURAL PHARMA,Piazza Stazione s.n.c.,37.15445221,13.91888255
Parafarmacia Dott.ssa Scarpulla Manuela,Via Turati 110,37.1487117,14.3916798
PARAFARMACIA S. FOCA' SOCIETA' A RESPONSABILITA' LIMITATA SEMPLIFICATA (S.R.L.S.),"Via DORA, 14",37.1485869,15.1876633
Parafarmacia Health Care,"Via Campobello, 130/132",37.1114263,13.9302374
CENTRO COMMERCIALE IL PORTO,CORSO ARGENTINA SNC,37.1017094,13.9373306
V.V. PHARMA S.R.L.,"Corso Vittorio Emanuele, 95",37.099409,15.1219399
PARAFARMAGIOIA DI GRADANTE GIUSEPPE SRLS,"Via S. ORSOLA, 31-33",37.0964886,15.2721641
PARAFARMACIA ITALIA,"Via ITALIA, 40",37.0924126,15.2775166
ParaFarmacia Cassaniti D.ssa Giuseppina,"via Bartolo D'Agostino, 44",37.086946,15.151894
FARMA SERVIZI,"Viale ZECCHINO, 80",37.086021,15.2849734
Parafarmacia d.ssa C. Consoli,"v.le Zecchino, 121",37.08489627,15.28310629
PHARMANATURAL,"Viale SANTA PANAGIA, 18",37.0837773,15.2800669
VI.DA.SRL,Via Tica,37.0835005,15.2858115
BRUNETTO S.R.L.,V.LE TURATI 104,37.08098456,15.11535358
parafarmacia venezia,via venezia 408,37.0795666,14.2344354
Parafarmacia GIPA FARM srl,via Francesco Crispi 371,37.075088,14.237017
PARAFARMACIA DOTT. EMMANUELLO CROCIFISSO,"Via RECANATI, 229",37.074692,14.24225
parafarmacia Gela,via venezia 188,37.071475,14.251775
SIDEREUS S.R.L.,VIA TESTAFERRATA 10/12,37.0714375,15.283007
Farmaci06,Corso Gelone 44,37.0714069,15.2829873
ANIMALFARMA DI PANTANO DR. CARLO,CORSO TIMOLEONTE N.98,37.0714069,15.2829873
Parafarmacia C & D S.r.l.,"Via Randone, 9",37.0714069,15.2829873
MEDICAL SERVICE DEL DOTT. GINO RICCIOTTI,PIAZZA EURIPIDE 15A,37.0714069,15.2829873
HOSPITAL S.a.S. DEL Dr. COLOSI NICOLO' & C.,"VIA TESTAFERRATA,10-12",37.0714069,15.2829873
FARMAVET DI INTURRI DR. PAOLA,VIA RE FERDINANDO DI BORBONE 4A,37.0714069,15.2829873
"Orchidea Farma ""Farmavitae""","Via Senatore di Giovanni, 20",37.0714069,15.2829873
PARAFARMACIA ESSENTIAL,"Via NECROPOLI DEL FUSCO, SN",37.0708885,15.2661706
Parafarmacia C & D S.r.l.,"Via Mons. Carabelli, 14",37.0701296,15.2845408
croce verde srl,"via venezia,405/407",37.0699581,14.2427681
FC SERVICES S.R.L.,Via NECROPOLI DEL FUSCO,37.0693508,15.2653598
Parafarmacia Dott.ssa Silvana Cammilleri,"Piazza Umberto I, 6",37.0664363,14.2502445
PARAFARMACIA IGEA DI MONCADA ANGELA E MORELLO MARICA SNC,Via GIAN MARIA VOLONTE',37.0664363,14.2502445
ESSENTIAL,"Riva Garibaldi, 10",37.0635408,15.2906559
Parafarmacia Trigila,"Viale Dante Alighieri, 12/b",37.0599587,14.9095478
parafarmaciaisola srls,"Via lido sacramento, 214",37.0343734,15.2794176
GPFARMACI,VIA VITTORIO EMANUELE 148,37.0331309,15.0634638
PARAFARMACIA DI DI STEFANO LAURA,"Via VITTORIO EMANUELE, 432",37.0303417,15.0679604
PARAFARMACIA KAMARINA,"Via CARDUCCI, 68",37.0230296,14.4953456
Parafarmacia dott.ssa Caty,"Strada OGNINA, 47",36.9904744,15.2617719
L'ERBORISTERIA DI TIZIANA MUGNIECO,VIA GEN AMATO 135,36.96394265,14.59410392
GERMANO PIERPAOLO,VIA A. EINSTEIN N. 33,36.96394265,14.59410392
Parafarmacia ARTEMISIA,"Via Principe Umberto, 168",36.95692426,14.49619784
PARAFARMACIA KAMARINA,Via LIVORNO SNC - SCOGLITTI,36.95692426,14.49619784
Parafarmacia DA.MA,via Strada per Acate 3/B,36.95692426,14.49619784
Parafarmacia Costanza,"Via DEGLI EUCALIPTI, 29",36.9564774,14.6047897
PARAFARMACIA DELLA DR.SSA STEFANIA CANTELLI,"Corso HO CHI MIN ANGOLO VIA DEGLI ACERI, 115/2",36.9547872,14.6033273
Parafarmacia Dott. Germano Pierpaolo,"Via Albert Einstein, 25/A",36.9525615,14.6040733
Parafarmacia ARTEMISIA,"Via Rosario Giurato, sn",36.9520998,14.5372653
PARAFARMACIA DOTT.SSA ANZALDO S.R.L. S.,"Via N. BIXIO, N° 230",36.9518933,14.5332768
parafarmacia,"Stradaprovinciale vittoria-cannamellito-pantaleo, 5",36.9507336,14.6074553
parafarmacia dott.ssa Fotia Laura,"Viale della Resistenza, 35",36.9500701,14.6064416
la terra pirrè rosa,"Via roma, 354",36.9476783,14.5273517
parafarmacia omeopatica,via carducci 11,36.9475014,14.61123448
parafarmacia del centro,via roma 183,36.94482094,14.61024719
Parafarmacia dottssa Bovini Floriana,"Via Piave, 22",36.9408713,14.5956052
Parafarmacia Dr Giancarlo Rizza,"Piazza mons Francesco Pennisi, 2",36.927237,14.712802
FARMANIMAL di BELLOMO DOTT.SSA ROSITA,"P.ZZA FILIPPO CORRiDONI,26",36.9272002,15.11904756
FARMANTICA MAMELI s.r.l.,Via MAMELI 118,36.9272002,15.11904756
FARMASANITARIA S.R.L.,PIAZZA DENARO N. 1,36.9272002,15.11904756
Parafarmacia Ibla,"Largo camerina, 19",36.9270579,14.7438725
parafarmacia kastalia di bordonaro leonardo,c/da piombo,36.9269273,14.7255129
Parafarmacia Dr. Messina,"Via Roma, 183",36.9263182,14.7284995
PARAFARMACIA DOTT.SSA CABIBBO ANTONELLA,"Via Mariannina Schininà, 179-181",36.925989,14.721803
FARMAROMA,"Via ROMA, 162",36.9247119,14.7280088
Dr. Messina Vincenzo,"Viale DEI PLATANI, 71",36.9221351,14.717808
Parafarmacia Dott. Farzad Dabiri,via Virgilio 5,36.9168224,14.726306
FARMACAPP DEL DOTT CAPPELLANI ALDO,"Via SIRACUSA, 72",36.9130665,15.1413517
Parafarmacia Dott.E.Zaccone,Via Pascoli 6,36.91237347,15.01984623
NUTRISHOP S.A.S. DI CORRADO MALANDRINO E C.,VIA CORRADO CONFALONIERI N. 8,36.91237347,15.01984623
Parafarmacia Dott. Antonino Miranda,"Via Cavour, 61",36.91003429,15.13374933
Farmasalutis,Cso Vittorio Emanuele 212,36.9099209,15.1367435
GIVIFARM,"Via G. DI VITTORIO, 102",36.90707175,14.66410005
FARMA BRUSCE' DI TINNIRELLO VALENTINA JENNIFER,"Via Ettore Fieramosca, 230",36.90707175,14.66410005
Parafarmacia dottor Giuseppe Occhipinti Amato,Fanfulla da Lodi 8,36.90707175,14.66410005
La Salute di...Ferro Parafarmacia del D. Amico,Corso Garibaldi 96,36.90467451,15.13655216
PARAFARMACIA dott.ssa Ludovica Calabrese,"Via PLEBISCITO, 48",36.8924888,14.4293347
PARAFARMACIA KAMARINA,"Via LIVORNO ANG VIA NAPOLI, SNC",36.891774,14.4331278
Parafarmacia,Corso Vittorio Emanuele 129,36.8912199,15.069793
Parafarmacia Dott.ssa Viola Antonietta,Viale Lido di Noto N.6,36.8824697,15.1064882
Farmanatura s.a.s.,"Corso Umberto I, 158",36.8589123,14.7613206
SaluteInFarma di Cicchetti Claudio,"Via Gianforma Ponte Margione, 12 bis/ 3 e 4",36.8588214,14.7608121
FARMANOVA DOTT. SAVARINO GIUSEPPE,"Via NAZIONALE, 202",36.855282,14.761455
FARMACONTEA S.R.L.,VIA SAN GIULIANO 111 E-F,36.85389858,14.82264719
Pharm Messina srl,"Via Risorgimento, 8",36.8409697,14.7684567
Farmanatura SaS,Via Sacro Cuore 109,36.83694198,14.76051652
FARMAMOTYCA PARAFARMACIA DELLA DR.SSA ELISA SALINA,"Via Fosso Tantillo, 35",36.835775,14.7620339
FARMA.TECH SRL,"Via Pablo Picasso, 12",36.8322111,14.7664594
Parafarmacia D.ssa Antonella Amato,"Via Borgo Italia, 41",36.831148,11.9410004
Parafarmacia Dott. Germano Pierpaolo,"Via Verdi, 9",36.8284661,14.5241063
MEDIFARM DI BETTOLINO DANIELE,VIA CAUCANA 48/A,36.8258425,14.5236535
La Parafarmacia,Via Giorgio La Pira n. 21/23,36.8246606,14.5263254
SANFILIPPO FARMACEUTICI SRL,VIA ALDO MORO ANG. VIA GIUGA,36.82424,14.947792
FARMASALUS,via Sipione 144,36.8220006,14.9458121
FarmaSampieri,"Via Giotto, S.N.C.",36.7920107,14.7042997
Parafarmacia del Borgo,C.da Santa Maria del Focallo - Via dei Venti Sn,36.788137,14.9101565
Punto Salute,"Via zecchino c/o marispica, snc",36.788137,14.9101565
PARAFARMACIA CANTO,"Via VITTORIO VENETO, 24",36.786945,14.908829
Parafarmacia - Dott. G. Aquila -,"Via pozzallo, 79",36.7855066,14.5555647
parafarmacia Dott.ssa Carbonaro Angelica,via Duca D'Aosta n.27,36.7845472,14.9083707
PARAFARMACIA DI PORTELLI CARMELO,"Via COLOMBO, 37",36.783491,14.905127
farmacontea srl,P.zza Scalo Trapanese,36.78309103,14.54819661
L'Angolo della Salute,Via Archimede 309,36.7593625,14.64665942
Parafarmacia s.a.s. di Moncada Eleonora & c.,via Regina Elena 25,36.74229619,15.11901071
sanamedical dott.ssa teresa pisani,via Dogali 73,36.7388349,14.85821744
parafarmacia armenia vanda,viale papa giovanni xxiii 27/a,36.73336119,14.85009428
Cabrefarm srl,"via Salvatore Denaro , 1",36.732172,14.85668
parafarmacia del viale,Via Mascagni 28,36.721498,15.1016002
parafarmacia del viale,viale aldo moro 206,36.72051272,15.09030048
farmachl di Vittini Mariaconcetta,"Via Giovanni Pascoli, 70b",36.71447,15.080828
FARMARINA,"Viale MEDITERRANEO, 36/38",36.7123565,14.7760609
parafarmacia villaggio marispica,"Via zecchino, snc",36.7114072,14.95193124
croce verde,via Principe Piemonte 48,36.67286268,15.10066252
ANCONA E MAIORANA SNC,"Via VITO SICOMO, 1",35.5074087,12.6043996
PARAFARMACIA DOTT. ALONGE,Via ROMA,35.5004728,12.6055049
BL VET,"Via TERRASANTA, 20-22",0,0
FARMISSIMA WELLNESS,"Via PRIMO SETTEMBRE, 116",0,0
parafarmacia dott.ssa Barbera,"Via via giallonghi, 9",0,0
